datetime,Ne1_flux_twr_LE,Ne1_ref_ET
1/1/08,4.708695652,13.31018519
1/2/08,0.7125,10.64814815
1/3/08,13.7,15.97222222
1/4/08,4.279166667,15.97222222
1/5/08,2.233333333,13.31018519
1/6/08,-2.266666667,15.97222222
1/7/08,13.95909091,15.97222222
1/8/08,12.90416667,23.9583344
1/9/08,8.0125,23.9583344
1/10/08,6.6,15.97222222
1/11/08,-0.378947368,18.63425926
1/12/08,5.675,15.97222222
1/13/08,2.795833333,18.63425926
1/14/08,4.2875,13.31018519
1/15/08,7.970833333,15.97222222
1/16/08,12.82105263,18.63425926
1/17/08,2.783333333,13.31018519
1/18/08,6.877272727,13.31018519
1/19/08,3.075,10.64814815
1/20/08,7.765,13.31018519
1/21/08,7.128571429,15.97222222
1/22/08,4.886666667,15.97222222
1/23/08,4.984615385,15.97222222
1/24/08,3.929411765,13.31018519
1/25/08,12.68695652,18.63425926
1/26/08,13.49166667,23.9583344
1/27/08,0.065217391,23.9583344
1/28/08,-4.018181818,23.9583344
1/29/08,27.36818182,42.59259259
1/30/08,18.75416667,13.31018519
1/31/08,13.825,15.97222222
2/1/08,15.29545455,15.97222222
2/2/08,14,18.63425926
2/3/08,2.573913043,18.63425926
2/4/08,13.79411765,18.63425926
2/5/08,9.00952381,21.2962963
2/6/08,10.29,18.63425926
2/7/08,8.133333333,18.63425926
2/8/08,13.66666667,23.9583344
2/9/08,39.89583333,26.62037037
2/10/08,33.40416667,18.63425926
2/11/08,25.34583333,15.97222222
2/12/08,17.725,15.97222222
2/13/08,21.92083333,21.2962963
2/14/08,18.91666667,23.9583344
2/15/08,29.37916667,29.28240741
2/16/08,25.51363636,26.62037037
2/17/08,51.47727273,31.94444444
2/18/08,37.32083333,23.9583344
2/19/08,28.5,23.9583344
2/20/08,25.575,21.2962963
2/21/08,10.875,13.31018519
2/22/08,22.07083333,21.2962963
2/23/08,30.11666667,23.9583344
2/24/08,24.9625,47.91666933
2/25/08,29.23888889,29.28240741
2/26/08,35.86190476,34.60648414
2/27/08,48.35454545,29.28240741
2/28/08,20.86521739,37.26851852
2/29/08,51.00833333,45.25462963
3/1/08,48.7625,58.56481481
3/2/08,34.275,66.55092593
3/3/08,73.74782609,42.59259259
3/4/08,44.96666667,29.28240741
3/5/08,43.43478261,26.62037037
3/6/08,47.39166667,55.90278044
3/7/08,47.28571429,31.94444444
3/8/08,34.16666667,26.62037037
3/9/08,30.96086957,26.62037037
3/10/08,34.31666667,42.59259259
3/11/08,41.01666667,69.21296562
3/12/08,40.38695652,82.52315081
3/13/08,46.16666667,79.86111111
3/14/08,46.275,45.25462963
3/15/08,33.59583333,45.25462963
3/16/08,22.84166667,45.25462963
3/17/08,21.78461538,21.2962963
3/18/08,96.255,47.91666933
3/19/08,50.75833333,61.22685185
3/20/08,69.08695652,82.52315081
3/21/08,32.30416667,74.53703704
3/22/08,19.52083333,58.56481481
3/23/08,29.28333333,42.59259259
3/24/08,30.04583333,77.19907407
3/25/08,33.44166667,87.84722222
3/26/08,21.31666667,77.19907407
3/27/08,16.96190476,45.25462963
3/28/08,22.27916667,61.22685185
3/29/08,19.425,69.21296562
3/30/08,22.61904762,37.26851852
3/31/08,36.4,26.62037037
4/1/08,54.25,55.90278044
4/2/08,59.3826087,55.90278044
4/3/08,15.25714286,37.26851852
4/4/08,131.9111111,85.18518519
4/5/08,70.625,109.1435185
4/6/08,54.10833333,101.1574074
4/7/08,7.628571429,66.55092593
4/8/08,35.33043478,53.24074074
4/9/08,39.82142857,69.21296562
4/10/08,7.54,31.94444444
4/11/08,63.28823529,45.25462963
4/12/08,51.95833333,47.91666933
4/13/08,69.5875,79.86111111
4/14/08,47.16875,90.50925926
4/15/08,39.43333333,127.7777778
4/16/08,19.8,117.1296296
4/17/08,-7.7,47.91666933
4/18/08,34.28461538,45.25462963
4/19/08,98.67916667,95.833336
4/20/08,77.17894737,114.4675926
4/21/08,28.54782609,90.50925926
4/22/08,38.5125,125.1157487
4/23/08,34.18125,133.1018519
4/24/08,4.318181818,130.4398148
4/25/08,101.175,90.50925926
4/26/08,57.18421053,79.86111111
4/27/08,101.0947368,98.49537037
4/28/08,34.99583333,90.50925926
4/29/08,41.15217391,98.49537037
4/30/08,31.46666667,106.4814815
5/1/08,19.6625,151.7361191
5/2/08,136.65,69.21296562
5/3/08,142.4916667,119.7916667
5/4/08,72.67826087,133.1018519
5/5/08,31.78095238,138.4259339
5/6/08,39.45,143.75
5/7/08,93.73043478,125.1157487
5/8/08,91.33636364,109.1435185
5/9/08,76.33809524,77.19907407
5/12/08,83.2,133.1018519
5/13/08,27.91176471,79.86111111
5/14/08,27.32916667,111.8055635
5/15/08,24.5,98.49537037
5/16/08,19.85416667,151.7361191
5/17/08,23.275,181.0185185
5/18/08,27.90833333,146.412037
5/19/08,21.2,167.7083333
5/20/08,21.79583333,146.412037
5/21/08,20.92083333,130.4398148
5/22/08,116.83,77.19907407
5/23/08,54.12,103.8194444
5/24/08,88.30454545,135.7638889
5/25/08,74.97083333,173.0324074
5/26/08,47.3375,130.4398148
5/27/08,53.14117647,53.24074074
5/28/08,74.63157895,98.49537037
5/29/08,35.75833333,149.0740741
5/30/08,172.8764706,157.0601852
5/31/08,97.96666667,125.1157487
6/1/08,57.79166667,146.412037
6/2/08,67.76521739,146.412037
6/3/08,44.42083333,146.412037
6/4/08,53.82272727,149.0740741
6/5/08,108.655,151.7361191
6/6/08,159.0458333,162.3842593
6/7/08,98.6,157.0601852
6/8/08,80.33333333,98.49537037
6/9/08,140.8333333,167.7083333
6/10/08,104.2125,170.3703704
6/11/08,78.29047619,154.3981481
6/12/08,184.8190476,149.0740741
6/13/08,116.6291667,170.3703704
6/14/08,97.47083333,175.6944444
6/15/08,173.9,135.7638889
6/16/08,125.8391304,125.1157487
6/17/08,100.0583333,119.7916667
6/18/08,110.9125,138.4259339
6/19/08,106.86,127.7777778
6/20/08,139.5863636,157.0601852
6/21/08,166.4608696,151.7361191
6/22/08,142.6708333,154.3981481
6/23/08,127.0875,146.412037
6/24/08,33.28461538,87.84722222
6/25/08,144.5789474,157.0601852
6/26/08,79.41904762,117.1296296
6/27/08,124.2227273,141.087963
6/28/08,166.0625,154.3981481
6/29/08,156.5958333,143.75
6/30/08,166.6166667,146.412037
7/1/08,166.9826087,167.7083333
7/2/08,167.3954545,167.7083333
7/3/08,135.8041667,122.4537037
7/4/08,122.0956522,143.75
7/5/08,134.9428571,141.087963
7/6/08,78.39090909,170.3703704
7/7/08,106.2333333,159.7222222
7/8/08,141.9105263,149.0740741
7/9/08,116.0473684,165.0463043
7/10/08,160.2666667,167.7083333
7/11/08,165.9,183.6805556
7/12/08,144.155,138.4259339
7/13/08,203.3071429,162.3842593
7/14/08,164.73,181.0185185
7/15/08,184.4473684,157.0601852
7/16/08,152.185,167.7083333
7/17/08,161.32,143.75
7/18/08,152.2888889,122.4537037
7/19/08,161.5227273,165.0463043
7/20/08,116.5681818,157.0601852
7/21/08,123.1875,143.75
7/22/08,174.4636364,151.7361191
7/23/08,101.4791667,143.75
7/24/08,68.38947368,133.1018519
7/25/08,158.0615385,149.0740741
7/26/08,163.3363636,119.7916667
7/27/08,256.4545455,162.3842593
7/28/08,158.8434783,159.7222222
7/29/08,64.6,122.4537037
7/30/08,139.2,146.412037
7/31/08,185.6117647,159.7222222
8/1/08,181.0958333,149.0740741
8/2/08,146.9291667,130.4398148
8/3/08,193.7782609,173.0324074
8/4/08,97.17894737,138.4259339
8/5/08,81.20833333,122.4537037
8/6/08,126.53,101.1574074
8/7/08,186.4952381,122.4537037
8/8/08,157.1272727,133.1018519
8/9/08,102.5913043,87.84722222
8/10/08,172.5294118,111.8055635
8/11/08,78.49047619,103.8194444
8/12/08,139.9666667,130.4398148
8/13/08,158.8263158,125.1157487
8/14/08,129.7590909,127.7777778
8/15/08,141.5347826,103.8194444
8/16/08,136.2304348,114.4675926
8/17/08,146.625,127.7777778
8/18/08,141.4272727,133.1018519
8/19/08,137.6681818,133.1018519
8/20/08,110.9428571,127.7777778
8/21/08,62.62916667,106.4814815
8/22/08,126.5956522,159.7222222
8/23/08,131.0782609,135.7638889
8/24/08,124.8583333,138.4259339
8/25/08,123.1875,125.1157487
8/26/08,128.8222222,135.7638889
8/27/08,111.6666667,117.1296296
8/28/08,132.3590909,141.087963
8/29/08,113.7409091,135.7638889
8/30/08,126.0541667,167.7083333
8/31/08,118.9086957,154.3981481
9/1/08,131.0375,183.6805556
9/2/08,44.88,58.56481481
9/3/08,94.13636364,98.49537037
9/4/08,101.4958333,101.1574074
9/5/08,28.60588235,53.24074074
9/6/08,46.74444444,47.91666933
9/7/08,63.64615385,61.22685185
9/8/08,81.4,29.28240741
9/9/08,114.8166667,90.50925926
9/10/08,60.325,109.1435185
9/11/08,28.92857143,74.53703704
9/12/08,13.01666667,29.28240741
9/13/08,125.2117647,95.833336
9/14/08,83.83478261,74.53703704
9/15/08,88.71666667,90.50925926
9/16/08,84.6625,109.1435185
9/17/08,92.36086957,111.8055635
9/18/08,91.03913043,109.1435185
9/19/08,71.35416667,101.1574074
9/20/08,95.84736842,103.8194444
9/21/08,81.71904762,109.1435185
9/22/08,127.05,109.1435185
9/23/08,48.03809524,90.50925926
9/24/08,65.75625,103.8194444
9/25/08,86,111.8055635
9/26/08,84.99090909,119.7916667
9/27/08,72.41666667,101.1574074
9/28/08,56.28095238,90.50925926
9/29/08,102.96,95.833336
9/30/08,59.41666667,101.1574074
10/1/08,53.97083333,85.18518519
10/2/08,54.965,71.875
10/3/08,49.67727273,87.84722222
10/4/08,57.04347826,106.4814815
10/5/08,57.14166667,125.1157487
10/6/08,31.0875,95.833336
10/7/08,73.395,95.833336
10/8/08,42.86666667,95.833336
10/9/08,48.0173913,101.1574074
10/10/08,48.05,114.4675926
10/11/08,31.23333333,95.833336
10/12/08,43.96818182,74.53703704
10/13/08,33.66666667,53.24074074
10/14/08,20.33076923,31.94444444
10/15/08,55.83076923,61.22685185
10/16/08,28.53333333,61.22685185
10/17/08,33.33,55.90278044
10/18/08,31.28,58.56481481
10/19/08,25.10416667,77.19907407
10/20/08,30.175,74.53703704
10/21/08,22.34545455,47.91666933
10/22/08,15.1,18.63425926
10/23/08,51.83888889,29.28240741
10/24/08,18.125,31.94444444
10/25/08,25.1625,66.55092593
10/26/08,41.75,69.21296562
10/27/08,21.32916667,50.5787037
10/28/08,16.42916667,50.5787037
10/29/08,10.71666667,50.5787037
10/30/08,13.3,63.88888889
10/31/08,11.34583333,58.56481481
11/1/08,11.06666667,47.91666933
11/2/08,13.78333333,74.53703704
11/3/08,17.9625,90.50925926
11/4/08,20.06086957,79.86111111
11/5/08,25.18636364,77.19907407
11/6/08,36.55,61.22685185
11/7/08,36.0875,39.93055556
11/8/08,23.72083333,29.28240741
11/9/08,11.86666667,23.9583344
11/10/08,8.2,26.62037037
11/12/08,19.1625,26.62037037
11/13/08,8.073684211,26.62037037
11/14/08,31.65,39.93055556
11/15/08,16.85,37.26851852
11/16/08,16.67826087,39.93055556
11/17/08,12.17272727,26.62037037
11/18/08,21.475,31.94444444
11/19/08,27.3047619,42.59259259
11/20/08,17.20416667,34.60648414
11/21/08,15.1047619,34.60648414
11/22/08,6.513043478,31.94444444
11/23/08,2.175,31.94444444
11/24/08,8.295833333,39.93055556
11/25/08,7.454166667,29.28240741
11/26/08,6.25,23.9583344
11/27/08,9.3125,37.26851852
11/28/08,7.058333333,23.9583344
11/29/08,16.99375,23.9583344
11/30/08,21.925,23.9583344
12/1/08,14.54545455,31.94444444
12/2/08,9.65,42.59259259
12/3/08,20.07083333,26.62037037
12/4/08,9.645833333,18.63425926
12/5/08,11.63333333,21.2962963
12/6/08,12.00416667,15.97222222
12/7/08,21.15,21.2962963
12/8/08,12.03,21.2962963
12/9/08,26.90909091,23.9583344
12/10/08,8.929166667,15.97222222
12/11/08,1.565,15.97222222
12/12/08,10.59565217,23.9583344
12/13/08,8.958333333,21.2962963
12/14/08,16.43333333,34.60648414
12/15/08,9.079166667,15.97222222
12/16/08,1.727272727,10.64814815
12/17/08,3.16,10.64814815
12/18/08,40.43333333,10.64814815
12/19/08,8.431578947,7.986111111
12/20/08,9.425,10.64814815
12/21/08,5.8125,7.986111111
12/22/08,7.447826087,7.986111111
12/23/08,12.77916667,18.63425926
12/24/08,8.752173913,10.64814815
12/25/08,6.875,13.31018519
12/26/08,-7.605882353,15.97222222
12/27/08,28.45833333,37.26851852
12/28/08,14.275,23.9583344
12/29/08,15.2625,23.9583344
12/30/08,41.29166667,47.91666933
12/31/08,20.60416667,37.26851852
1/1/09,11.47916667,26.62037037
1/2/09,16.83333333,23.9583344
1/3/09,1.484615385,26.62037037
1/4/09,20.3375,18.63425926
1/5/09,12.80869565,31.94444444
1/6/09,5.004166667,21.2962963
1/7/09,5.870833333,18.63425926
1/8/09,8.47826087,15.97222222
1/9/09,8.473913043,26.62037037
1/10/09,13.60416667,21.2962963
1/11/09,10.1125,21.2962963
1/12/09,24.52631579,34.60648414
1/13/09,13.3826087,18.63425926
1/14/09,17.43181818,29.28240741
1/15/09,7.243478261,7.986111111
1/16/09,11.24090909,15.97222222
1/17/09,15.6826087,26.62037037
1/18/09,23.24583333,31.94444444
1/19/09,16.65217391,31.94444444
1/20/09,10.3375,29.28240741
1/21/09,9.008333333,21.2962963
1/22/09,11.34347826,31.94444444
1/23/09,20.65,47.91666933
1/24/09,10.63043478,10.64814815
1/25/09,8.577272727,13.31018519
1/26/09,5.85,13.31018519
1/27/09,3.752173913,10.64814815
1/28/09,17.07647059,21.2962963
1/29/09,23.45833333,29.28240741
1/30/09,9.75,31.94444444
1/31/09,18.3,39.93055556
2/1/09,16.08695652,42.59259259
2/2/09,18.50416667,45.25462963
2/3/09,10.67083333,23.9583344
2/4/09,9.966666667,15.97222222
2/5/09,5.669565217,21.2962963
2/6/09,6.495833333,39.93055556
2/7/09,9.4875,50.5787037
2/8/09,9.425,34.60648414
2/9/09,85.95,66.55092593
2/10/09,35.2173913,66.55092593
2/11/09,28.93043478,53.24074074
2/12/09,22.40416667,39.93055556
2/13/09,14.08947368,26.62037037
2/14/09,0.9,15.97222222
2/15/09,9.920833333,15.97222222
2/16/09,17.0826087,23.9583344
2/17/09,2.32173913,18.63425926
2/18/09,49.60416667,26.62037037
2/19/09,25.91666667,18.63425926
2/20/09,29.5125,47.91666933
2/21/09,27.9,50.5787037
2/22/09,15.26666667,31.94444444
2/23/09,20.0125,47.91666933
2/24/09,15.95833333,58.56481481
2/25/09,17.35416667,58.56481481
2/26/09,23.25909091,42.59259259
2/27/09,15.67142857,29.28240741
2/28/09,10.06956522,18.63425926
3/1/09,6.233333333,18.63425926
3/2/09,15.10869565,21.2962963
3/3/09,29.53333333,23.9583344
3/4/09,28.89166667,37.26851852
3/5/09,59.62173913,69.21296562
3/6/09,27.12608696,58.56481481
3/7/09,23.77857143,29.28240741
3/8/09,56.06,47.91666933
3/9/09,16.72,58.56481481
3/10/09,46.04285714,47.91666933
3/11/09,36.78636364,34.60648414
3/12/09,36.0125,29.28240741
3/13/09,30.79583333,47.91666933
3/14/09,36.70833333,66.55092593
3/15/09,40.9625,77.19907407
3/16/09,46.0826087,109.1435185
3/17/09,28.35652174,98.49537037
3/18/09,21.90416667,74.53703704
3/19/09,26.2375,77.19907407
3/20/09,21.25652174,90.50925926
3/21/09,20.8875,95.833336
3/22/09,28.15,119.7916667
3/23/09,38.57619048,135.7638889
3/24/09,47.18333333,98.49537037
3/25/09,33.49583333,82.52315081
3/26/09,19.12173913,63.88888889
3/27/09,18.60833333,66.55092593
3/28/09,16.45,71.875
3/29/09,15.13333333,74.53703704
3/30/09,25.93333333,103.8194444
3/31/09,10.6375,71.875
4/1/09,15.16086957,79.86111111
4/2/09,43.5,87.84722222
4/3/09,51.03043478,106.4814815
4/4/09,33.13684211,61.22685185
4/5/09,97.95714286,50.5787037
4/6/09,67.01666667,50.5787037
4/7/09,38.80416667,66.55092593
4/8/09,28.95454545,90.50925926
4/9/09,18.94736842,71.875
4/10/09,52.8,90.50925926
4/11/09,23.30833333,103.8194444
4/12/09,19.55555556,63.88888889
4/13/09,68.03157895,74.53703704
4/14/09,38.89565217,93.1712963
4/15/09,29.09583333,79.86111111
4/16/09,15.20833333,133.1018519
4/17/09,7.575,93.1712963
4/18/09,82.4625,85.18518519
4/19/09,57.05416667,109.1435185
4/20/09,38.5,125.1157487
4/21/09,20.30434783,101.1574074
4/22/09,22.2625,141.087963
4/23/09,137.1818182,178.3564895
4/24/09,51.46521739,162.3842593
4/25/09,22.1,103.8194444
4/26/09,14.6,69.21296562
4/27/09,70.91428571,79.86111111
4/28/09,84.14347826,93.1712963
4/29/09,24.93076923,109.1435185
4/30/09,95.06111111,93.1712963
5/1/09,65.815,77.19907407
5/2/09,37.03043478,106.4814815
5/3/09,28.66521739,111.8055635
5/4/09,22.81904762,101.1574074
5/5/09,29.23478261,125.1157487
5/6/09,34.30909091,135.7638889
5/7/09,64.41304348,133.1018519
5/8/09,83.56521739,154.3981481
5/9/09,21.3875,114.4675926
5/10/09,19.28695652,71.875
5/11/09,45.125,122.4537037
5/12/09,15,79.86111111
5/13/09,159.1631579,149.0740741
5/14/09,80.14347826,114.4675926
5/15/09,27.28947368,125.1157487
5/16/09,39.54166667,127.7777778
5/17/09,37.47916667,125.1157487
5/18/09,37.24166667,165.0463043
5/19/09,42.53478261,199.6527778
5/20/09,39.27391304,212.962963
5/21/09,26.65,149.0740741
5/22/09,27.45833333,149.0740741
5/23/09,32.41666667,135.7638889
5/24/09,47.36666667,111.8055635
5/25/09,28.6875,146.412037
5/26/09,26.60526316,71.875
5/27/09,56.295,63.88888889
5/28/09,67.32916667,151.7361191
5/29/09,44.76086957,170.3703704
5/30/09,54.93333333,189.0046296
5/31/09,49.20434783,146.412037
6/1/09,115.1304348,125.1157487
6/2/09,78.01052632,79.86111111
6/3/09,83.38695652,95.833336
6/4/09,58.64166667,71.875
6/5/09,62.46086957,149.0740741
6/6/09,27,138.4259339
6/7/09,95.675,119.7916667
6/8/09,103.5,127.7777778
6/9/09,46,69.21296562
6/10/09,92.88695652,93.1712963
6/11/09,97.13043478,77.19907407
6/12/09,42.21764706,71.875
6/13/09,19.12,119.7916667
6/15/09,65.325,98.49537037
6/16/09,144.0047619,135.7638889
6/17/09,135.975,143.75
6/18/09,115.0458333,183.6805556
6/19/09,129.6277778,119.7916667
6/20/09,103.7263158,141.087963
6/21/09,164.7,154.3981481
6/22/09,181.2727273,170.3703704
6/23/09,153.8666667,186.3425926
6/24/09,103.5954545,151.7361191
6/25/09,145.6875,178.3564895
6/26/09,131.8583333,167.7083333
6/27/09,104.9,159.7222222
6/28/09,172.6916667,175.6944444
6/29/09,191.9095238,173.0324074
6/30/09,143.826087,146.412037
7/1/09,143.0130435,138.4259339
7/2/09,124.4217391,138.4259339
7/3/09,36.5,69.21296562
7/4/09,45.45909091,71.875
7/5/09,140.4,133.1018519
7/6/09,168.7708333,146.412037
7/7/09,153.1583333,151.7361191
7/8/09,174.3666667,143.75
7/9/09,109.4217391,135.7638889
7/10/09,66.80416667,146.412037
7/11/09,107.2636364,127.7777778
7/12/09,100.7458333,90.50925926
7/13/09,94.85652174,143.75
7/14/09,113.3791667,135.7638889
7/15/09,141.25,157.0601852
7/16/09,95.55714286,138.4259339
7/17/09,147.3391304,159.7222222
7/18/09,125.9956522,135.7638889
7/19/09,153.9833333,146.412037
7/20/09,25.775,42.59259259
7/21/09,123.9333333,135.7638889
7/22/09,154.9045455,143.75
7/23/09,159.0958333,149.0740741
7/24/09,167.6541667,178.3564895
7/25/09,182.1090909,173.0324074
7/26/09,165.173913,157.0601852
7/27/09,54.5125,157.0601852
7/28/09,65.85833333,119.7916667
7/29/09,101.475,133.1018519
7/30/09,136.8166667,151.7361191
7/31/09,219.9058824,162.3842593
8/1/09,133.8761905,149.0740741
8/2/09,161.475,199.6527778
8/3/09,138.4791667,173.0324074
8/4/09,134.9470588,151.7361191
8/5/09,119.7833333,117.1296296
8/6/09,111.6958333,149.0740741
8/7/09,191.4142857,220.9490741
8/8/09,201.3952381,234.2592593
8/9/09,67.30434783,87.84722222
8/10/09,155.1611111,127.7777778
8/11/09,120.9521739,130.4398148
8/12/09,151.5833333,175.6944444
8/13/09,165.2541667,196.9907407
8/14/09,160.5583333,178.3564895
8/15/09,80.525,42.59259259
8/16/09,127.7636364,106.4814815
8/17/09,116.4391304,106.4814815
8/18/09,115.0375,90.50925926
8/19/09,109.8411765,58.56481481
8/20/09,129.7458333,90.50925926
8/21/09,110.875,71.875
8/22/09,115.9090909,93.1712963
8/23/09,118.6,109.1435185
8/24/09,122.2708333,135.7638889
8/25/09,106.4291667,95.833336
8/26/09,59.99285714,39.93055556
8/27/09,98.32857143,85.18518519
8/28/09,129.9210526,90.50925926
8/29/09,104.1208333,85.18518519
8/30/09,107.1125,71.875
8/31/09,117.35,77.19907407
9/1/09,96.92857143,85.18518519
9/2/09,66.44347826,87.84722222
9/3/09,41.41875,29.28240741
9/4/09,96.30869565,61.22685185
9/5/09,87.15416667,103.8194444
9/6/09,98.05,109.1435185
9/7/09,72.72083333,111.8055635
9/8/09,82.09130435,130.4398148
9/9/09,57.61666667,69.21296562
9/10/09,87.65416667,114.4675926
9/11/09,81.66315789,93.1712963
9/12/09,78.58666667,74.53703704
9/13/09,78.925,103.8194444
9/14/09,65.6875,95.833336
9/15/09,52.85416667,103.8194444
9/16/09,84.7625,114.4675926
9/17/09,80.53333333,87.84722222
9/18/09,82.93043478,98.49537037
9/19/09,80.12173913,111.8055635
9/20/09,84.42608696,111.8055635
9/21/09,49.92631579,37.26851852
9/22/09,41.91818182,50.5787037
9/23/09,76.29,66.55092593
9/24/09,50.27083333,66.55092593
9/25/09,51.56521739,77.19907407
9/26/09,52.21666667,79.86111111
9/27/09,81.84166667,170.3703704
9/28/09,61.32916667,111.8055635
9/29/09,38.58333333,74.53703704
9/30/09,60.0173913,130.4398148
10/1/09,72.85238095,66.55092593
10/2/09,62.48695652,71.875
10/3/09,32.40833333,61.22685185
10/4/09,25.93043478,53.24074074
10/5/09,40.45882353,61.22685185
10/6/09,48.52380952,53.24074074
10/7/09,30.1875,109.1435185
10/8/09,24.475,45.25462963
10/9/09,26.63333333,58.56481481
10/10/09,29.04285714,34.60648414
10/11/09,17.88333333,15.97222222
10/12/09,23.57777778,21.2962963
10/13/09,23.40526316,26.62037037
10/14/09,12.63333333,29.28240741
10/15/09,23.52083333,37.26851852
10/16/09,16.23913043,21.2962963
10/17/09,14.825,37.26851852
10/18/09,16.81666667,69.21296562
10/19/09,5.575,53.24074074
10/20/09,2.8625,47.91666933
10/21/09,11.6875,26.62037037
10/22/09,4.45,13.31018519
10/23/09,29.05,39.93055556
10/24/09,14.16,47.91666933
10/25/09,18.14166667,39.93055556
10/26/09,8.733333333,47.91666933
10/27/09,12.97916667,50.5787037
10/28/09,12.0625,42.59259259
10/29/09,14.8,18.63425926
10/30/09,31.7952381,29.28240741
10/31/09,14.67083333,39.93055556
11/1/09,10.9875,53.24074074
11/2/09,17.82083333,39.93055556
11/3/09,10.69583333,45.25462963
11/4/09,14.22083333,50.5787037
11/5/09,9.85,58.56481481
11/6/09,4.895833333,61.22685185
11/7/09,15.57916667,71.875
11/8/09,8.854166667,58.56481481
11/9/09,12.41666667,58.56481481
11/10/09,1.436363636,50.5787037
11/11/09,2.60952381,39.93055556
11/12/09,7.0125,55.90278044
11/13/09,15.27,34.60648414
11/14/09,14.50434783,42.59259259
11/15/09,12.77916667,37.26851852
11/16/09,17.38695652,53.24074074
11/17/09,11.575,58.56481481
11/18/09,5.8625,18.63425926
11/19/09,4.273684211,23.9583344
11/20/09,14.55,29.28240741
11/21/09,-4.305555556,23.9583344
11/22/09,5.375,39.93055556
11/23/09,8.2875,23.9583344
11/24/09,17.86818182,39.93055556
11/25/09,18.41304348,42.59259259
11/26/09,6.804166667,29.28240741
11/27/09,5.35,37.26851852
11/28/09,5.47826087,31.94444444
11/29/09,7.55,26.62037037
11/30/09,8.72173913,47.91666933
12/1/09,15.04166667,50.5787037
12/2/09,25.0625,45.25462963
12/3/09,22.55454545,21.2962963
12/4/09,8.083333333,13.31018519
12/5/09,11.675,13.31018519
12/6/09,11.2,13.31018519
12/7/09,4.052173913,18.63425926
12/8/09,-1.594736842,10.64814815
12/9/09,1.020833333,15.97222222
12/10/09,1.582608696,7.986111111
12/11/09,0.170833333,7.986111111
12/12/09,4.90952381,5.324074074
12/13/09,-3.182352941,5.324074074
12/14/09,2.84,5.324074074
12/15/09,0.783333333,5.324074074
12/16/09,1.520833333,5.324074074
12/17/09,0.4875,5.324074074
12/18/09,2.156521739,7.986111111
12/19/09,2.741666667,7.986111111
12/20/09,8.108333333,7.986111111
12/21/09,2.85,5.324074074
12/22/09,-0.393333333,7.986111111
12/24/09,-5.307142857,10.64814815
12/25/09,-30.02,13.31018519
12/29/09,3.1,5.324074074
12/30/09,0.9875,7.986111111
12/31/09,-0.465217391,21.2962963
1/1/10,1.839130435,2.662037037
1/2/10,3.671428571,5.324074074
1/3/10,0.347058824,2.662037037
1/4/10,2.27,2.662037037
1/5/10,1.946153846,2.662037037
1/6/10,8.653846154,7.986111111
1/7/10,2.4875,2.662037037
1/8/10,4.716666667,2.662037037
1/9/10,3.205,5.324074074
1/10/10,4.4625,21.2962963
1/11/10,-0.152173913,7.986111111
1/12/10,-5.361538462,13.31018519
1/13/10,4.038461538,29.28240741
1/14/10,-4.15,18.63425926
1/15/10,27.28333333,10.64814815
1/16/10,-6.9,18.63425926
1/17/10,9.933333333,15.97222222
1/18/10,31.16923077,18.63425926
1/19/10,3.7,23.9583344
1/20/10,0.78,18.63425926
1/21/10,7.235714286,21.2962963
1/22/10,4.8625,34.60648414
1/23/10,-12.37727273,21.2962963
1/24/10,34.02173913,21.2962963
1/25/10,47.51904762,15.97222222
1/26/10,16.10416667,15.97222222
1/27/10,10.64782609,10.64814815
1/28/10,9.591304348,10.64814815
1/29/10,9.983333333,13.31018519
1/30/10,8.1625,15.97222222
1/31/10,11.175,18.63425926
2/1/10,5.790909091,7.986111111
2/2/10,7.575,7.986111111
2/3/10,6.933333333,21.2962963
2/4/10,7.18,18.63425926
2/5/10,1.94,15.97222222
2/6/10,2.270588235,15.97222222
2/7/10,0.644444444,13.31018519
2/8/10,10.81428571,5.324074074
2/9/10,4.904166667,7.986111111
2/10/10,4.178947368,13.31018519
2/11/10,5.469565217,18.63425926
2/12/10,9.892857143,21.2962963
2/13/10,8.3125,15.97222222
2/14/10,0.209090909,7.986111111
2/15/10,13.0125,18.63425926
2/16/10,10.86666667,15.97222222
2/17/10,4.570833333,23.9583344
2/18/10,10.81304348,23.9583344
2/19/10,6.805,13.31018519
2/20/10,6.204166667,15.97222222
2/21/10,10.73043478,7.986111111
2/22/10,3.158333333,13.31018519
2/23/10,9.594736842,13.31018519
2/24/10,6.029166667,15.97222222
2/25/10,11,18.63425926
2/26/10,10.16666667,23.9583344
2/27/10,7.545833333,26.62037037
2/28/10,11.9,26.62037037
3/1/10,9.733333333,29.28240741
3/2/10,12.325,31.94444444
3/3/10,11.31304348,34.60648414
3/4/10,7.491666667,45.25462963
3/5/10,28.18695652,50.5787037
3/6/10,1.945,50.5787037
3/7/10,10.14166667,34.60648414
3/8/10,7.233333333,34.60648414
3/9/10,10,23.9583344
3/10/10,27.53684211,23.9583344
3/12/10,45.87777778,26.62037037
3/13/10,46.65,45.25462963
3/14/10,18.21875,31.94444444
3/15/10,27.26521739,29.28240741
3/16/10,29.4875,39.93055556
3/17/10,40.94583333,55.90278044
3/18/10,63.84583333,87.84722222
3/19/10,21.00769231,29.28240741
3/20/10,40.24583333,29.28240741
3/21/10,44.57916667,50.5787037
3/22/10,49.73913043,90.50925926
3/23/10,41.15416667,61.22685185
3/24/10,33.95,66.55092593
3/25/10,34.38333333,77.19907407
3/26/10,27.99166667,87.84722222
3/27/10,51.625,45.25462963
3/28/10,78.375,79.86111111
3/29/10,38.75,133.1018519
3/30/10,33.84166667,162.3842593
3/31/10,28.83333333,135.7638889
4/1/10,32.64166667,173.0324074
4/2/10,32.27083333,87.84722222
4/3/10,26.95,122.4537037
4/4/10,16.275,87.84722222
4/5/10,7.781818182,66.55092593
4/6/10,15.47142857,58.56481481
4/7/10,100.8722222,74.53703704
4/8/10,73.37083333,103.8194444
4/9/10,53.1125,133.1018519
4/10/10,38.3375,103.8194444
4/11/10,24.67083333,122.4537037
4/12/10,24.43043478,154.3981481
4/13/10,36.47916667,181.0185185
4/14/10,35.75652174,154.3981481
4/15/10,34.65,106.4814815
4/16/10,56.33478261,87.84722222
4/17/10,45.85416667,109.1435185
4/18/10,17.77916667,98.49537037
4/19/10,42.68181818,111.8055635
4/20/10,19.65238095,87.84722222
4/21/10,88.5,58.56481481
4/22/10,59.8952381,90.50925926
4/23/10,142.3,93.1712963
4/24/10,95.63043478,101.1574074
4/25/10,51.77222222,53.24074074
4/26/10,75.1,53.24074074
4/27/10,100.5947368,111.8055635
4/28/10,111.4541667,154.3981481
4/29/10,85.48333333,167.7083333
4/30/10,154.2105263,87.84722222
5/1/10,102.4291667,143.75
5/2/10,63.63478261,125.1157487
5/3/10,86.40454545,133.1018519
5/4/10,90.70909091,189.0046296
5/5/10,52.0625,138.4259339
5/6/10,32.57826087,119.7916667
5/7/10,149.1722222,79.86111111
5/8/10,51.02083333,111.8055635
5/9/10,35.97916667,98.49537037
5/10/10,12.92,50.5787037
5/11/10,81.96,85.18518519
5/12/10,48.73636364,29.28240741
5/13/10,99.45217391,93.1712963
5/14/10,74.95416667,114.4675926
5/15/10,54.05833333,106.4814815
5/16/10,13.8,61.22685185
5/17/10,19.875,95.833336
5/18/10,55.7875,127.7777778
5/19/10,25.4125,117.1296296
5/20/10,4.3,42.59259259
5/21/10,106.7217391,111.8055635
5/22/10,102.8708333,181.0185185
5/23/10,57.50434783,183.6805556
5/24/10,61.89166667,173.0324074
5/25/10,111.2181818,119.7916667
5/26/10,30.96086957,143.75
5/27/10,52.975,165.0463043
5/28/10,48.62083333,178.3564895
5/29/10,56.24545455,194.3287037
5/30/10,22.77391304,109.1435185
5/31/10,45.5125,146.412037
6/1/10,27.92,157.0601852
6/2/10,53.61,122.4537037
6/3/10,96.88,157.0601852
6/4/10,132.8304348,146.412037
6/5/10,192.0157895,143.75
6/6/10,113.5826087,167.7083333
6/7/10,117.7571429,117.1296296
6/8/10,133.7526316,114.4675926
6/9/10,119.125,159.7222222
6/10/10,108.44,119.7916667
6/11/10,133.7666667,133.1018519
6/12/10,152.9777778,125.1157487
6/13/10,74.705,95.833336
6/14/10,136.8428571,111.8055635
6/15/10,117.7916667,138.4259339
6/16/10,127.6521739,167.7083333
6/17/10,151.0571429,199.6527778
6/18/10,126.852381,130.4398148
6/19/10,116.4863636,159.7222222
6/20/10,72.50625,71.875
6/21/10,157.4411765,127.7777778
6/22/10,167.6894737,143.75
6/23/10,166.2434783,122.4537037
6/24/10,161.525,151.7361191
6/25/10,161.6916667,191.6666747
6/26/10,166.8875,186.3425926
6/27/10,134.6625,157.0601852
6/28/10,160.9875,175.6944444
6/29/10,144.875,154.3981481
6/30/10,139.1,173.0324074
7/1/10,149.7791667,189.0046296
7/2/10,122.7434783,194.3287037
7/3/10,92.97916667,181.0185185
7/4/10,58.19333333,69.21296562
7/5/10,59.28571429,106.4814815
7/6/10,178.1947368,151.7361191
7/7/10,70.42631579,95.833336
7/8/10,130.4434783,122.4537037
7/9/10,174.7043478,157.0601852
7/10/10,179.5954545,173.0324074
7/11/10,174.6052632,127.7777778
7/12/10,44.53,101.1574074
7/13/10,153.7863636,154.3981481
7/14/10,188.3190476,157.0601852
7/15/10,152.9043478,157.0601852
7/16/10,177.58,143.75
7/17/10,171.0318182,165.0463043
7/18/10,173.8416667,141.087963
7/19/10,123.1291667,146.412037
7/20/10,186.5846154,127.7777778
7/21/10,161.0380952,141.087963
7/22/10,187.85,181.0185185
7/23/10,118.3190476,143.75
7/24/10,118.7083333,127.7777778
7/25/10,124.5833333,143.75
7/26/10,137.2416667,143.75
7/27/10,176.5416667,194.3287037
7/28/10,115.3708333,143.75
7/29/10,117.2285714,146.412037
7/30/10,130.7434783,133.1018519
7/31/10,158.5041667,157.0601852
8/1/10,203.28,173.0324074
8/2/10,155.8409091,146.412037
8/3/10,146.0291667,127.7777778
8/4/10,152.4285714,111.8055635
8/5/10,144.9791667,117.1296296
8/6/10,94.08421053,114.4675926
8/7/10,168.675,175.6944444
8/8/10,162.2625,173.0324074
8/9/10,140.59,133.1018519
8/10/10,140.43125,167.7083333
8/11/10,219.85,151.7361191
8/12/10,215.1,183.6805556
8/13/10,181.7666667,162.3842593
8/14/10,117.1777778,127.7777778
8/15/10,142.2304348,149.0740741
8/16/10,168.4047619,130.4398148
8/17/10,-34.48888889,47.91666933
8/18/10,90.5625,130.4398148
8/19/10,130.75,173.0324074
8/20/10,136.9052632,109.1435185
8/21/10,156.56,143.75
8/22/10,181.7444444,162.3842593
8/23/10,140.9045455,157.0601852
8/24/10,149.34,122.4537037
8/25/10,136.2652174,125.1157487
8/26/10,138.9916667,170.3703704
8/27/10,154.8869565,183.6805556
8/28/10,162.4458333,215.625
8/29/10,145.9,223.6111377
8/30/10,144.5875,204.9768598
8/31/10,106.8590909,138.4259339
9/1/10,38.68421053,98.49537037
9/2/10,95.11666667,74.53703704
9/3/10,104.1391304,127.7777778
9/4/10,120.0809524,122.4537037
9/5/10,121.6375,183.6805556
9/6/10,103.5958333,165.0463043
9/7/10,96.03333333,138.4259339
9/8/10,67.0625,127.7777778
9/9/10,72.58,103.8194444
9/10/10,21.95333333,47.91666933
9/11/10,88.35,143.75
9/12/10,76.42083333,181.0185185
9/13/10,64.36,111.8055635
9/15/10,6.35,103.8194444
9/16/10,14.59090909,85.18518519
9/17/10,51.48636364,114.4675926
9/18/10,58.82666667,26.62037037
9/19/10,36.72,34.60648414
9/20/10,38.39333333,170.3703704
9/21/10,16.6047619,66.55092593
9/22/10,38.6,109.1435185
9/23/10,52.93846154,45.25462963
9/24/10,58.59166667,98.49537037
9/25/10,50.52777778,58.56481481
9/26/10,53.02777778,71.875
9/27/10,39.39090909,109.1435185
9/28/10,30,98.49537037
9/29/10,42.27916667,133.1018519
9/30/10,30.7,98.49537037
10/1/10,38.20454545,109.1435185
10/2/10,25.87083333,74.53703704
10/3/10,21.92173913,74.53703704
10/4/10,27.3,103.8194444
10/5/10,24.325,127.7777778
10/6/10,19.32173913,103.8194444
10/7/10,19.10434783,98.49537037
10/8/10,24.02173913,154.3981481
10/9/10,8.865217391,109.1435185
10/10/10,18.11666667,87.84722222
10/11/10,33.30454545,66.55092593
10/12/10,18.2375,93.1712963
10/13/10,15.0173913,101.1574074
10/14/10,15.20416667,125.1157487
10/15/10,14.52083333,101.1574074
10/16/10,19.325,101.1574074
10/17/10,14.25416667,82.52315081
10/18/10,11.75833333,74.53703704
10/19/10,15.14583333,93.1712963
10/20/10,14.2375,119.7916667
10/21/10,11.02083333,77.19907407
10/22/10,9.3125,93.1712963
10/23/10,8.666666667,93.1712963
10/24/10,2.595,45.25462963
10/25/10,25.19333333,90.50925926
10/26/10,72.875,111.8055635
10/27/10,35.75,95.833336
10/28/10,19.24583333,77.19907407
10/29/10,88.84347826,130.4398148
10/30/10,12.9125,85.18518519
10/31/10,9.9625,45.25462963
11/1/10,18.45,45.25462963
11/2/10,24.37916667,53.24074074
11/3/10,60.4,103.8194444
11/4/10,35.4125,69.21296562
11/5/10,15.49166667,55.90278044
11/6/10,22.92083333,106.4814815
11/7/10,23.90416667,127.7777778
11/8/10,14.36666667,103.8194444
11/9/10,10.19583333,93.1712963
11/10/10,19.325,21.2962963
11/11/10,26.73076923,42.59259259
11/13/10,61.30909091,37.26851852
11/14/10,40.325,37.26851852
11/15/10,29.435,37.26851852
11/16/10,21.6375,26.62037037
11/17/10,26.29583333,23.9583344
11/18/10,28.87368421,26.62037037
11/19/10,28.1826087,31.94444444
11/20/10,23.84583333,26.62037037
11/21/10,12.11304348,13.31018519
11/22/10,25.13333333,7.986111111
11/23/10,26.2125,26.62037037
11/24/10,19.0173913,21.2962963
11/25/10,20.49130435,31.94444444
11/26/10,15.125,55.90278044
11/27/10,12.74583333,50.5787037
11/28/10,28.69166667,95.833336
11/29/10,14.46363636,37.26851852
11/30/10,21.13181818,15.97222222
12/1/10,8.791666667,13.31018519
12/2/10,6.252173913,21.2962963
12/3/10,5.709090909,23.9583344
12/4/10,13.21304348,7.986111111
12/5/10,7.9,7.986111111
12/6/10,7.366666667,13.31018519
12/7/10,10.96666667,10.64814815
12/8/10,6.211111111,15.97222222
12/9/10,4.929166667,42.59259259
12/10/10,8.608333333,37.26851852
12/11/10,3.84,2.662037037
12/12/10,16.62083333,10.64814815
12/13/10,17.24583333,10.64814815
12/14/10,23.875,21.2962963
12/15/10,11.06111111,7.986111111
12/16/10,10.39545455,13.31018519
12/17/10,10.51818182,13.31018519
12/18/10,10.04545455,7.986111111
12/19/10,5.345454545,13.31018519
12/20/10,9.966666667,23.9583344
12/21/10,24.29583333,7.986111111
12/22/10,9.991666667,13.31018519
12/23/10,13.45789474,18.63425926
12/24/10,7.733333333,10.64814815
12/25/10,15.17826087,5.324074074
12/26/10,8.05,10.64814815
12/27/10,-2.25,21.2962963
12/28/10,14.93846154,31.94444444
12/29/10,-8.806666667,58.56481481
12/30/10,9.2375,53.24074074
12/31/10,9.734782609,10.64814815
1/1/11,13.575,21.2962963
1/2/11,11.36666667,21.2962963
1/3/11,7.156521739,18.63425926
1/4/11,10.89166667,15.97222222
1/5/11,12.74583333,18.63425926
1/6/11,11.43333333,18.63425926
1/7/11,25.92083333,18.63425926
1/8/11,15.79047619,13.31018519
1/9/11,8.135294118,18.63425926
1/10/11,4.53,10.64814815
1/11/11,4.35,7.986111111
1/12/11,-0.095238095,15.97222222
1/13/11,6.826666667,15.97222222
1/14/11,4.5375,13.31018519
1/15/11,8.658333333,10.64814815
1/16/11,5.404166667,13.31018519
1/17/11,7.590909091,18.63425926
1/18/11,13.67826087,13.31018519
1/19/11,4.004545455,10.64814815
1/20/11,0.765,13.31018519
1/21/11,3.47,13.31018519
1/22/11,5.393333333,18.63425926
1/23/11,2.195454545,7.986111111
1/24/11,8.269230769,23.9583344
1/25/11,3.205882353,15.97222222
1/26/11,1.470588235,13.31018519
1/27/11,-3.068181818,21.2962963
1/28/11,-1.126666667,21.2962963
1/29/11,7.891666667,18.63425926
1/30/11,8.665,13.31018519
1/31/11,9.68,15.97222222
2/1/11,-3.2,10.64814815
2/2/11,8.445833333,13.31018519
2/3/11,7.241666667,15.97222222
2/4/11,4.808333333,21.2962963
2/5/11,-3.682352941,18.63425926
2/6/11,18,15.97222222
2/7/11,11.80833333,10.64814815
2/8/11,7.869565217,10.64814815
2/9/11,7.179166667,15.97222222
2/10/11,0.727272727,21.2962963
2/11/11,18.2125,26.62037037
2/12/11,3.970833333,26.62037037
2/13/11,8.779166667,42.59259259
2/14/11,27.325,58.56481481
2/15/11,28.7625,58.56481481
2/16/11,34.80555556,61.22685185
2/17/11,92.02941176,87.84722222
2/18/11,35.7875,63.88888889
2/19/11,60.0875,63.88888889
2/20/11,34.37647059,42.59259259
2/21/11,79.9,29.28240741
2/22/11,63.1,29.28240741
2/23/11,32.81304348,37.26851852
2/24/11,29.32380952,29.28240741
2/25/11,23.46666667,18.63425926
2/26/11,8,23.9583344
2/27/11,17.45454545,26.62037037
2/28/11,40.60434783,26.62037037
3/1/11,51.6375,45.25462963
3/2/11,51.82083333,45.25462963
3/3/11,37,50.5787037
3/4/11,32.95,29.28240741
3/5/11,30.29166667,45.25462963
3/6/11,27.69130435,37.26851852
3/7/11,12.775,39.93055556
3/9/11,48.60952381,21.2962963
3/10/11,46.42083333,58.56481481
3/11/11,57.625,95.833336
3/12/11,40.175,63.88888889
3/13/11,21.9875,50.5787037
3/14/11,38.40833333,61.22685185
3/15/11,34.74583333,77.19907407
3/16/11,38.25416667,111.8055635
3/17/11,31.0125,109.1435185
3/18/11,21.225,63.88888889
3/19/11,30.07083333,93.1712963
3/20/11,10.9,127.7777778
3/21/11,19.15652174,122.4537037
3/22/11,24.08333333,138.4259339
3/23/11,34.14583333,66.55092593
3/24/11,24.88,63.88888889
3/25/11,4.507692308,31.94444444
3/26/11,3.853333333,23.9583344
3/27/11,44.92083333,26.62037037
3/28/11,47.67777778,39.93055556
3/29/11,30.45652174,31.94444444
3/30/11,37.30833333,42.59259259
3/31/11,18.82380952,55.90278044
4/1/11,55.93043478,87.84722222
4/2/11,34.10833333,127.7777778
4/3/11,35.37916667,133.1018519
4/4/11,26.25833333,87.84722222
4/5/11,25.34782609,138.4259339
4/6/11,18.80833333,117.1296296
4/7/11,18.07894737,85.18518519
4/8/11,42.23043478,111.8055635
4/9/11,57.03333333,157.0601852
4/10/11,19.32916667,159.7222222
4/11/11,26.73333333,138.4259339
4/12/11,27.04166667,143.75
4/13/11,14.77391304,125.1157487
4/14/11,47.66,119.7916667
4/15/11,37.1,26.62037037
4/16/11,119.0166667,117.1296296
4/17/11,51.01111111,90.50925926
4/18/11,33.2,79.86111111
4/19/11,37.96470588,39.93055556
4/20/11,77.62916667,87.84722222
4/21/11,25.7875,63.88888889
4/22/11,38.7,101.1574074
4/23/11,25.43913043,93.1712963
4/24/11,19.1375,55.90278044
4/25/11,5.8,61.22685185
4/26/11,84.125,69.21296562
4/27/11,56.53333333,98.49537037
4/28/11,31.80416667,146.412037
4/29/11,43.10869565,186.3425926
4/30/11,61.83478261,119.7916667
5/1/11,20.1173913,119.7916667
5/2/11,20.98333333,114.4675926
5/3/11,19.83913043,101.1574074
5/4/11,32.43181818,125.1157487
5/5/11,80.04347826,117.1296296
5/6/11,46.35217391,178.3564895
5/7/11,19.0625,154.3981481
5/8/11,18.09583333,196.9907407
5/9/11,30.9625,220.9490741
5/10/11,41.92916667,223.6111377
5/11/11,32.09285714,151.7361191
5/12/11,152.75,138.4259339
5/13/11,87.7173913,74.53703704
5/14/11,73.60833333,74.53703704
5/15/11,70.9,95.833336
5/16/11,58.92916667,125.1157487
5/17/11,44,133.1018519
5/18/11,26.24347826,122.4537037
5/19/11,51.75555556,109.1435185
5/20/11,39.48333333,114.4675926
5/21/11,137.4636364,159.7222222
5/22/11,101.575,143.75
5/23/11,61.025,154.3981481
5/24/11,80.98333333,117.1296296
5/25/11,58.72222222,47.91666933
5/26/11,153.2416667,127.7777778
5/27/11,34.46666667,87.84722222
5/28/11,122.8529412,87.84722222
5/29/11,64.84705882,154.3981481
5/30/11,132.3428571,212.962963
5/31/11,160.6380952,186.3425926
6/1/11,74.85416667,178.3564895
6/2/11,56.50416667,207.6388889
6/3/11,69.22083333,242.2453704
6/4/11,46.47391304,167.7083333
6/5/11,51.2826087,207.6388889
6/6/11,68.1,250.2315081
6/7/11,73.3,287.5
6/8/11,37.77083333,196.9907407
6/9/11,17.47142857,159.7222222
6/10/11,35.6952381,125.1157487
6/11/11,84.54,146.412037
6/12/11,41.48333333,157.0601852
6/13/11,20.02916667,186.3425926
6/14/11,26.815,167.7083333
6/15/11,134.9833333,191.6666747
6/16/11,81.42608696,212.962963
6/17/11,67.47894737,196.9907407
6/18/11,143.97,157.0601852
6/19/11,126.3954545,173.0324074
6/20/11,182.0352941,218.287037
6/21/11,65.11666667,85.18518519
6/22/11,95.75833333,114.4675926
6/23/11,83.4125,165.0463043
6/24/11,87.12272727,162.3842593
6/25/11,148.2941176,154.3981481
6/26/11,29.62307692,167.7083333
6/27/11,138.7136364,143.75
6/28/11,116.4125,159.7222222
6/29/11,111.8478261,212.962963
6/30/11,145.875,271.5277778
7/1/11,143.725,274.1898148
7/2/11,99.3952381,194.3287037
7/3/11,139.10625,154.3981481
7/4/11,139.5,175.6944444
7/5/11,112.4733333,159.7222222
7/6/11,152.1375,146.412037
7/7/11,196.925,135.7638889
7/8/11,232.3823529,175.6944444
7/9/11,154.7391304,194.3287037
7/10/11,156.0173913,181.0185185
7/11/11,160.4272727,181.0185185
7/12/11,88.455,202.3148148
7/13/11,109.5285714,159.7222222
7/14/11,124.4208333,212.962963
7/15/11,128.7181818,263.5416933
7/16/11,157.0545455,255.5555556
7/17/11,181.2958333,274.1898148
7/18/11,105.1818182,274.1898148
7/19/11,355.19,290.1620637
7/20/11,83.53125,338.0787037
7/21/11,144.9066667,178.3564895
7/22/11,150.65,218.287037
7/23/11,67.09047619,279.5138889
7/24/11,171.8333333,234.2592593
7/25/11,283.7428571,196.9907407
7/26/11,307.7230769,234.2592593
7/27/11,231.5882353,231.5972222
7/28/11,116.4428571,141.087963
7/29/11,43,165.0463043
7/30/11,135.1708333,183.6805556
7/31/11,202.2705882,215.625
8/1/11,271.5777778,255.5555556
8/2/11,154.9090909,220.9490741
8/3/11,174.2347826,191.6666747
8/4/11,113.6769231,143.75
8/5/11,99.34444444,125.1157487
8/6/11,292.88,151.7361191
8/7/11,159.755,154.3981481
8/8/11,180.1666667,141.087963
8/9/11,134.1954545,154.3981481
8/10/11,178.2875,130.4398148
8/11/11,155.6,154.3981481
8/12/11,181.52,114.4675926
8/13/11,151.2,133.1018519
8/14/11,159.315,127.7777778
8/15/11,104.3235294,130.4398148
8/16/11,46.55238095,133.1018519
8/17/11,133.2130435,135.7638889
8/18/11,136.7142857,159.7222222
8/19/11,122.8,138.4259339
8/20/11,98.19583333,122.4537037
8/21/11,96.76666667,122.4537037
8/22/11,185.7684211,149.0740741
8/23/11,128.9789474,178.3564895
8/24/11,159.4173913,191.6666747
8/25/11,181.05,146.412037
8/26/11,72.57,149.0740741
8/28/11,117.0272727,151.7361191
8/29/11,142.1722222,135.7638889
8/30/11,100.0714286,117.1296296
8/31/11,141.2166667,138.4259339
9/1/11,150.0521739,215.625
9/2/11,138.4421053,183.6805556
9/3/11,81.39375,79.86111111
9/4/11,113.9333333,127.7777778
9/5/11,127.35,106.4814815
9/6/11,92.52916667,119.7916667
9/7/11,105.6636364,111.8055635
9/8/11,108.9333333,127.7777778
9/9/11,86.09565217,154.3981481
9/10/11,100.8458333,138.4259339
9/11/11,103.3375,135.7638889
9/12/11,106.7541667,223.6111377
9/13/11,66.525,141.087963
9/14/11,107.1,61.22685185
9/15/11,65.67058824,90.50925926
9/16/11,34.64444444,50.5787037
9/17/11,11.25,82.52315081
9/18/11,80.65,63.88888889
9/19/11,142.7066667,117.1296296
9/20/11,95.34583333,146.412037
9/21/11,81.0375,127.7777778
9/22/11,72.275,93.1712963
9/23/11,69.04583333,93.1712963
9/24/11,66.14166667,103.8194444
9/25/11,62.1875,87.84722222
9/26/11,61.6,98.49537037
9/27/11,65.1,127.7777778
9/28/11,62.97916667,101.1574074
9/29/11,78.89583333,149.0740741
9/30/11,52.2173913,117.1296296
10/1/11,50.38333333,111.8055635
10/2/11,54.275,146.412037
10/3/11,60.6875,165.0463043
10/4/11,68.54583333,189.0046296
10/5/11,68.52608696,175.6944444
10/6/11,56.77916667,191.6666747
10/7/11,54.7,239.5833333
10/8/11,38.90526316,159.7222222
10/9/11,64.16470588,117.1296296
10/10/11,75.95333333,87.84722222
10/11/11,54.49444444,106.4814815
10/12/11,40.59,95.833336
10/13/11,48.4625,119.7916667
10/14/11,37.2875,101.1574074
10/15/11,32.69583333,119.7916667
10/16/11,26.52916667,93.1712963
10/17/11,30.24705882,50.5787037
10/18/11,37.35,71.875
10/19/11,24.99583333,63.88888889
10/20/11,14.1826087,58.56481481
10/21/11,13.7625,77.19907407
10/22/11,9.935294118,71.875
10/23/11,36.825,103.8194444
10/24/11,22.69166667,111.8055635
10/25/11,20.79583333,90.50925926
10/26/11,15.92727273,63.88888889
10/27/11,24.44583333,55.90278044
10/28/11,16.6875,79.86111111
10/29/11,16.12083333,93.1712963
10/30/11,13.09583333,87.84722222
10/31/11,15.34583333,90.50925926
11/1/11,18.16086957,71.875
11/2/11,44.74166667,50.5787037
11/3/11,36.04090909,66.55092593
11/4/11,37.69166667,61.22685185
11/5/11,44.80416667,90.50925926
11/6/11,28.79565217,82.52315081
11/7/11,21.4375,63.88888889
11/8/11,63.35333333,37.26851852
11/9/11,68.90833333,63.88888889
11/10/11,33.25,53.24074074
11/11/11,24,66.55092593
11/12/11,16.14583333,47.91666933
11/13/11,24.24782609,74.53703704
11/14/11,29.4125,74.53703704
11/15/11,29.76818182,69.21296562
11/16/11,31.2875,42.59259259
11/17/11,34.97391304,55.90278044
11/18/11,23.54583333,63.88888889
11/19/11,16.7,23.9583344
11/20/11,11.80869565,31.94444444
11/21/11,5.604166667,23.9583344
11/22/11,5.447368421,23.9583344
11/23/11,16.17692308,47.91666933
11/24/11,14.3125,71.875
11/25/11,4.80952381,45.25462963
11/26/11,24.16666667,31.94444444
11/27/11,11.55,53.24074074
11/28/11,8.483333333,37.26851852
11/29/11,13.97083333,42.59259259
11/30/11,8.408333333,53.24074074
12/1/11,4.626086957,37.26851852
12/2/11,5.760869565,39.93055556
12/3/11,7.05,18.63425926
12/4/11,-0.915,7.986111111
12/5/11,7.228571429,13.31018519
12/6/11,-0.45,10.64814815
12/7/11,0.22,15.97222222
12/8/11,7.225,10.64814815
12/9/11,-1.983333333,5.324074074
12/10/11,-6.2,18.63425926
12/11/11,-2.995833333,15.97222222
12/12/11,1.573913043,18.63425926
12/13/11,6.125,10.64814815
12/14/11,33.12,18.63425926
12/15/11,33.34782609,23.9583344
12/16/11,13.22083333,23.9583344
12/17/11,14.00416667,34.60648414
12/18/11,14.28181818,42.59259259
12/19/11,38.76111111,23.9583344
12/20/11,17.20416667,26.62037037
12/21/11,17.6,29.28240741
12/22/11,34.67,21.2962963
12/23/11,16.77083333,31.94444444
12/24/11,10.90833333,39.93055556
12/25/11,12.07826087,42.59259259
12/26/11,12.375,45.25462963
12/27/11,13.17083333,37.26851852
12/28/11,11.25,34.60648414
12/29/11,5.2875,47.91666933
12/30/11,15.92608696,50.5787037
12/31/11,19.20526316,53.24074074
1/1/12,36.90833333,63.88888889
1/2/12,11.20869565,53.24074074
1/3/12,6.082608696,53.24074074
1/4/12,8.079166667,55.90278044
1/5/12,10.02608696,74.53703704
1/6/12,8.4,63.88888889
1/7/12,5.343478261,42.59259259
1/8/12,6.495652174,29.28240741
1/9/12,6.925,50.5787037
1/10/12,3.17826087,55.90278044
1/11/12,9.526086957,31.94444444
1/12/12,10.43333333,39.93055556
1/13/12,8.104166667,31.94444444
1/14/12,4.445833333,42.59259259
1/15/12,6.833333333,63.88888889
1/16/12,4.89047619,26.62037037
1/17/12,11.135,15.97222222
1/18/12,7.766666667,29.28240741
1/19/12,6.265217391,15.97222222
1/20/12,4.604166667,18.63425926
1/21/12,2.4875,26.62037037
1/22/12,2.373913043,37.26851852
1/23/12,17.61304348,42.59259259
1/24/12,12.11333333,26.62037037
1/25/12,11.35882353,23.9583344
1/26/12,20.23125,37.26851852
1/27/12,13.20869565,45.25462963
1/28/12,10.38333333,69.21296562
1/29/12,3.775,47.91666933
1/30/12,8.616666667,93.1712963
1/31/12,2.0875,74.53703704
2/1/12,3.252173913,50.5787037
2/2/12,2.458333333,53.24074074
2/3/12,8.95,31.94444444
2/4/12,-7.25,15.97222222
2/5/12,-12.29411765,15.97222222
2/6/12,10.8,21.2962963
2/7/12,9.408695652,18.63425926
2/8/12,4.856521739,13.31018519
2/9/12,3.713043478,21.2962963
2/10/12,16.47083333,13.31018519
2/11/12,6.995833333,15.97222222
2/12/12,16.01176471,23.9583344
2/13/12,-0.418181818,23.9583344
2/14/12,20.725,21.2962963
2/15/12,-0.785714286,23.9583344
2/16/12,4.179166667,34.60648414
2/17/12,19.87916667,31.94444444
2/18/12,24.52083333,21.2962963
2/19/12,27.55714286,26.62037037
2/20/12,24.63333333,26.62037037
2/21/12,60.87222222,23.9583344
2/22/12,43.36363636,31.94444444
2/23/12,9.92,26.62037037
2/24/12,51.19090909,42.59259259
2/25/12,55.71304348,39.93055556
2/26/12,59.9,74.53703704
2/27/12,37.16086957,39.93055556
2/28/12,28.81666667,50.5787037
2/29/12,75.91538462,45.25462963
3/1/12,44.69583333,50.5787037
3/2/12,58.10833333,58.56481481
3/3/12,35.76,58.56481481
3/4/12,32.06818182,61.22685185
3/5/12,23.35833333,74.53703704
3/6/12,21.48181818,122.4537037
3/7/12,22.225,47.91666933
3/8/12,23.78571429,71.875
3/9/12,12.24090909,90.50925926
3/10/12,17.11666667,127.7777778
3/11/12,14.67,53.24074074
3/12/12,35.4,106.4814815
3/13/12,9.025,130.4398148
3/14/12,15.3,109.1435185
3/15/12,-8.728571429,103.8194444
3/16/12,10.14210526,122.4537037
3/17/12,8,146.412037
3/18/12,12.57916667,157.0601852
3/19/12,12.44705882,95.833336
3/20/12,-1.14,37.26851852
3/21/12,19.15,63.88888889
3/22/12,100.1842105,93.1712963
3/23/12,66.02916667,93.1712963
3/24/12,45.675,95.833336
3/25/12,27.99047619,106.4814815
3/26/12,30.29583333,157.0601852
3/27/12,42.99130435,173.0324074
3/28/12,19.15217391,130.4398148
3/29/12,3.516666667,151.7361191
3/30/12,35.85,93.1712963
3/31/12,46.425,165.0463043
4/1/12,18.21304348,183.6805556
4/2/12,13.88695652,167.7083333
4/3/12,14.075,101.1574074
4/4/12,9.985,119.7916667
4/5/12,43.81,114.4675926
4/6/12,19.575,117.1296296
4/7/12,41.8,122.4537037
4/8/12,12.42083333,146.412037
4/9/12,17.0173913,119.7916667
4/10/12,14.9125,106.4814815
4/11/12,10.925,95.833336
4/12/12,32.18461538,77.19907407
4/13/12,90.38636364,175.6944444
4/14/12,10.22222222,106.4814815
4/15/12,200.7470588,98.49537037
4/16/12,59.59583333,109.1435185
4/17/12,90.65625,138.4259339
4/18/12,54.54210526,133.1018519
4/19/12,29.97,98.49537037
4/20/12,87.80434783,111.8055635
4/21/12,30.34761905,133.1018519
4/22/12,25.41304348,122.4537037
4/23/12,22.72173913,117.1296296
4/24/12,21.20416667,175.6944444
4/25/12,14.05,199.6527778
4/26/12,18.8952381,154.3981481
4/27/12,42.10714286,117.1296296
4/28/12,91.54583333,117.1296296
4/29/12,19.91875,63.88888889
4/30/12,121.0916667,117.1296296
5/1/12,70.91818182,170.3703704
5/2/12,112.9681818,154.3981481
5/3/12,108.4388889,143.75
5/4/12,95.74347826,162.3842593
5/5/12,65.8,178.3564895
5/6/12,158.4529412,103.8194444
5/7/12,151.8636364,133.1018519
5/8/12,75.49583333,138.4259339
5/9/12,38.6826087,117.1296296
5/10/12,51.79166667,173.0324074
5/11/12,36.72608696,146.412037
5/12/12,28.12272727,114.4675926
5/13/12,24.0625,111.8055635
5/14/12,30.39130435,151.7361191
5/15/12,34.54545455,189.0046296
5/16/12,30.24782609,157.0601852
5/17/12,40.15652174,231.5972222
5/18/12,37.42916667,247.5694444
5/19/12,40.98823529,181.0185185
5/20/12,130.8125,125.1157487
5/21/12,67.5375,141.087963
5/22/12,63.46956522,215.625
5/23/12,65.09,260.8796296
5/24/12,113.0823529,109.1435185
5/25/12,91.18333333,119.7916667
5/26/12,87.23333333,226.2731481
5/27/12,86.49090909,258.2175926
5/28/12,227.7933333,207.6388889
5/29/12,87.03333333,167.7083333
5/30/12,48.89411765,135.7638889
5/31/12,71.70769231,82.52315081
6/1/12,94.75,101.1574074
6/2/12,80.625,175.6944444
6/3/12,77.40434783,186.3425926
6/4/12,105.5833333,204.9768598
6/5/12,96.3875,181.0185185
6/6/12,95.66956522,204.9768598
6/7/12,100.6833333,194.3287037
6/8/12,110.7916667,228.9351852
6/9/12,125.1,279.5138889
6/10/12,85.85454545,282.1759259
6/11/12,148.8526316,186.3425926
6/12/12,96.2375,167.7083333
6/13/12,129.1714286,252.8935185
6/14/12,186.5666667,290.1620637
6/15/12,62.11666667,125.1157487
6/16/12,82.1,127.7777778
6/17/12,215.4947368,207.6388889
6/18/12,184.2,271.5277778
6/19/12,238.9933333,255.5555556
6/20/12,158.7333333,162.3842593
6/21/12,220.6833333,175.6944444
6/22/12,159.2565217,189.0046296
6/23/12,181.05625,231.5972222
6/24/12,168.6695652,204.9768598
6/25/12,139.8958333,220.9490741
6/26/12,185.6217391,287.5
6/27/12,210.2666667,378.0092593
6/28/12,116.9272727,242.2453704
6/29/12,146.175,218.287037
6/30/12,110.6409091,228.9351852
7/1/12,140.9190476,250.2315081
7/2/12,203.3565217,282.1759259
7/3/12,204.9157895,290.1620637
7/4/12,224.5928571,308.7962963
7/5/12,190.6952381,284.837963
7/6/12,88.49,290.1620637
7/7/12,30.2,252.8935185
7/8/12,82.325,226.2731481
7/9/12,136.9833333,207.6388889
7/10/12,291.6533333,210.3009259
7/12/12,333.8909091,202.3148148
7/18/12,247.50625,252.8935185
7/19/12,214.1789474,234.2592593
7/20/12,182.415,228.9351852
7/21/12,187.8375,276.8518785
7/22/12,223.5416667,303.4722488
7/23/12,197.0565217,300.8101852
7/24/12,236.4590909,279.5138889
7/25/12,264.0428571,300.8101852
7/26/12,176.8363636,223.6111377
7/27/12,170.2291667,212.962963
7/28/12,163.1227273,234.2592593
7/29/12,198.7173913,244.9074074
7/30/12,182.2590909,125.1157487
7/31/12,163.4565217,183.6805556
8/1/12,206.447619,223.6111377
8/2/12,161.945,183.6805556
8/3/12,179.3125,186.3425926
8/4/12,147.7090909,175.6944444
8/5/12,150.6791667,162.3842593
8/6/12,166.7086957,220.9490741
8/7/12,200.2636364,215.625
8/8/12,153.1791667,181.0185185
8/9/12,147.4173913,199.6527778
8/10/12,120.225,149.0740741
8/11/12,106.2304348,141.087963
8/12/12,126.9681818,194.3287037
8/13/12,111.5,151.7361191
8/14/12,124.8708333,173.0324074
8/15/12,136.0818182,228.9351852
8/16/12,116.4208333,135.7638889
8/17/12,115,135.7638889
8/18/12,51.50416667,98.49537037
8/19/12,141.7,135.7638889
8/20/12,141.1086957,130.4398148
8/21/12,110.8826087,157.0601852
8/22/12,95.8173913,226.2731481
8/23/12,93.73333333,226.2731481
8/24/12,60.67,175.6944444
8/25/12,35.65714286,85.18518519
8/26/12,47.72916667,127.7777778
8/27/12,94.56190476,151.7361191
8/28/12,112.1782609,194.3287037
8/29/12,105.4666667,247.5694444
8/30/12,92.19166667,252.8935185
8/31/12,87.3,194.3287037
9/1/12,68.60434783,178.3564895
9/2/12,67.10833333,194.3287037
9/3/12,48.1375,146.412037
9/4/12,65.1826087,170.3703704
9/5/12,47.28333333,191.6666747
9/6/12,44.14583333,202.3148148
9/7/12,31.83636364,90.50925926
9/8/12,33.325,183.6805556
9/9/12,21.13913043,135.7638889
9/10/12,30.21304348,204.9768598
9/11/12,31.4,263.5416933
9/12/12,54.08888889,157.0601852
9/13/12,48.28181818,101.1574074
9/14/12,54.89166667,122.4537037
9/15/12,30.46956522,127.7777778
9/16/12,20.165,122.4537037
9/17/12,58.65555556,66.55092593
9/18/12,36.7,106.4814815
9/19/12,36.33333333,181.0185185
9/20/12,23.03333333,135.7638889
9/21/12,23.55833333,149.0740741
9/22/12,21.8125,111.8055635
9/23/12,15.13333333,87.84722222
9/24/12,11.42916667,135.7638889
9/25/12,14.64166667,111.8055635
9/26/12,16.83333333,130.4398148
9/27/12,19.08181818,117.1296296
9/28/12,10.23043478,114.4675926
9/29/12,17.76086957,98.49537037
9/30/12,13.22916667,85.18518519
10/1/12,10.21666667,138.4259339
10/2/12,12.28333333,119.7916667
10/3/12,13.54166667,167.7083333
10/4/12,33.26363636,98.49537037
10/5/12,11.20909091,71.875
10/6/12,9.42173913,69.21296562
10/7/12,11.1375,79.86111111
10/8/12,12.525,138.4259339
10/9/12,9.729166667,85.18518519
10/10/12,8.956521739,101.1574074
10/11/12,11.03478261,98.49537037
10/12/12,7.766666667,93.1712963
10/13/12,38.69545455,119.7916667
10/14/12,70.12,90.50925926
10/15/12,31.075,109.1435185
10/16/12,22.93913043,111.8055635
10/17/12,46.17391304,98.49537037
10/18/12,44.255,114.4675926
10/19/12,43.87222222,82.52315081
10/20/12,35.1,74.53703704
10/21/12,14.02608696,101.1574074
10/22/12,21.07,74.53703704
10/23/12,-0.086956522,90.50925926
10/24/12,16.52222222,58.56481481
10/25/12,49.6875,34.60648414
10/26/12,21.4826087,37.26851852
10/27/12,17,34.60648414
10/28/12,25.11666667,53.24074074
10/29/12,23.31666667,79.86111111
10/30/12,16.34583333,53.24074074
10/31/12,37.42272727,45.25462963
11/1/12,23.60434783,55.90278044
11/2/12,24.78695652,47.91666933
11/3/12,15.37142857,45.25462963
11/4/12,29.03913043,58.56481481
11/5/12,19.87826087,37.26851852
11/6/12,45.86666667,66.55092593
11/7/12,18.225,53.24074074
11/8/12,20.52083333,74.53703704
11/9/12,10.26086957,55.90278044
11/10/12,25.68095238,87.84722222
11/11/12,49.29545455,71.875
11/12/12,23.46363636,47.91666933
11/13/12,16.14347826,61.22685185
11/14/12,21.25,61.22685185
11/15/12,21.71666667,55.90278044
11/16/12,17.02916667,45.25462963
11/17/12,23.34583333,69.21296562
11/18/12,16.9,85.18518519
11/19/12,7.6125,58.56481481
11/20/12,9.016666667,47.91666933
11/21/12,12.72083333,87.84722222
11/22/12,4.2125,61.22685185
11/23/12,9.254166667,47.91666933
11/24/12,7.57826087,47.91666933
11/25/12,2.6875,34.60648414
11/26/12,8.054545455,18.63425926
11/27/12,9.575,37.26851852
11/28/12,6.904347826,34.60648414
11/29/12,3.79047619,34.60648414
11/30/12,6.104347826,34.60648414
12/1/12,-2.307692308,45.25462963
12/2/12,15.11428571,45.25462963
12/3/12,17.43684211,61.22685185
12/4/12,14.12666667,58.56481481
12/5/12,17.39285714,69.21296562
12/6/12,10.96818182,77.19907407
12/7/12,3.239130435,45.25462963
12/8/12,1.695652174,29.28240741
12/9/12,6.95,18.63425926
12/10/12,5.9625,39.93055556
12/11/12,4.679166667,47.91666933
12/12/12,9.425,71.875
12/13/12,4.256521739,53.24074074
12/14/12,9.2,45.25462963
12/15/12,43.38823529,18.63425926
12/16/12,13.30454545,23.9583344
12/17/12,0.75,18.63425926
12/18/12,37.74285714,37.26851852
12/19/12,13.74615385,31.94444444
12/20/12,-0.15,13.31018519
12/21/12,0.230434783,13.31018519
12/22/12,0.594736842,13.31018519
12/23/12,0.0125,7.986111111
12/24/12,4.572727273,10.64814815
12/25/12,4.091666667,10.64814815
12/26/12,0.931818182,13.31018519
12/27/12,3.695,13.31018519
12/28/12,3.078571429,10.64814815
12/29/12,0.654545455,10.64814815
12/30/12,11.61333333,18.63425926
12/31/12,5.065217391,10.64814815