Category,ID,Latitude,Longitude,Date,MODIS_Tile,Line_Y_250m,Sample_X_250m,_250m_16_days_EVI,_250m_16_days_NDVI,_250m_16_days_composite_day_of_the_year,_250m_16_days_VI_Quality,_250m_16_days_pixel_reliability,_250m_16_days_VI_Quality_bitmask,_250m_16_days_VI_Quality_MODLAND,_250m_16_days_VI_Quality_MODLAND_Description,_250m_16_days_VI_Quality_VI_Usefulness,_250m_16_days_VI_Quality_VI_Usefulness_Description,_250m_16_days_VI_Quality_Aerosol_Quantity,_250m_16_days_VI_Quality_Aerosol_Quantity_Description,_250m_16_days_VI_Quality_Adjacent_cloud_detected,_250m_16_days_VI_Quality_Adjacent_cloud_detected_Description,_250m_16_days_VI_Quality_Atmosphere_BRDF_Correction,_250m_16_days_VI_Quality_Atmosphere_BRDF_Correction_Description,_250m_16_days_VI_Quality_Mixed_Clouds,_250m_16_days_VI_Quality_Mixed_Clouds_Description,_250m_16_days_VI_Quality_Land/Water_Mask,_250m_16_days_VI_Quality_Land/Water_Mask_Description,_250m_16_days_VI_Quality_Possible_snow/ice,_250m_16_days_VI_Quality_Possible_snow/ice_Description,_250m_16_days_VI_Quality_Possible_shadow,_250m_16_days_VI_Quality_Possible_shadow_Description,_250m_16_days_pixel_reliability_bitmask,_250m_16_days_pixel_reliability_MODLAND,_250m_16_days_pixel_reliability_MODLAND_Description
,Ne2,41.16487,-96.4701,2007-12-19,h10v04,4240.0,3540.0,-0.0359,-0.0337,3.0,18453.0,2.0,0b0100100000010101,0b01,"VI produced, but check other QA",0b0101,Decreasing quality,0b00,Climatology,0b0,No,0b0,No,0b0,No,0b001,Land (Nothing else but land),0b1,Yes,0b0,No,0b00000000000000000000000000000010,0b00000000000000000000000000000010,Snow/Ice Target covered with snow/ice
,Ne2,41.16487,-96.4701,2007-12-27,h10v04,4240.0,3540.0,-0.0282,-0.0265,15.0,18453.0,2.0,0b0100100000010101,0b01,"VI produced, but check other QA",0b0101,Decreasing quality,0b00,Climatology,0b0,No,0b0,No,0b0,No,0b001,Land (Nothing else but land),0b1,Yes,0b0,No,0b00000000000000000000000000000010,0b00000000000000000000000000000010,Snow/Ice Target covered with snow/ice
,Ne2,41.16487,-96.4701,2008-01-01,h10v04,4240.0,3540.0,-0.0222,-0.0145,11.0,18453.0,2.0,0b0100100000010101,0b01,"VI produced, but check other QA",0b0101,Decreasing quality,0b00,Climatology,0b0,No,0b0,No,0b0,No,0b001,Land (Nothing else but land),0b1,Yes,0b0,No,0b00000000000000000000000000000010,0b00000000000000000000000000000010,Snow/Ice Target covered with snow/ice
,Ne2,41.16487,-96.4701,2008-01-09,h10v04,4240.0,3540.0,-0.0348,-0.0222,24.0,18449.0,2.0,0b0100100000010001,0b01,"VI produced, but check other QA",0b0100,Decreasing quality,0b00,Climatology,0b0,No,0b0,No,0b0,No,0b001,Land (Nothing else but land),0b1,Yes,0b0,No,0b00000000000000000000000000000010,0b00000000000000000000000000000010,Snow/Ice Target covered with snow/ice
,Ne2,41.16487,-96.4701,2008-01-17,h10v04,4240.0,3540.0,-0.0253,-0.0161,18.0,18453.0,2.0,0b0100100000010101,0b01,"VI produced, but check other QA",0b0101,Decreasing quality,0b00,Climatology,0b0,No,0b0,No,0b0,No,0b001,Land (Nothing else but land),0b1,Yes,0b0,No,0b00000000000000000000000000000010,0b00000000000000000000000000000010,Snow/Ice Target covered with snow/ice
,Ne2,41.16487,-96.4701,2008-01-25,h10v04,4240.0,3540.0,-0.0298,-0.0202,40.0,18445.0,2.0,0b0100100000001101,0b01,"VI produced, but check other QA",0b0011,Decreasing quality,0b00,Climatology,0b0,No,0b0,No,0b0,No,0b001,Land (Nothing else but land),0b1,Yes,0b0,No,0b00000000000000000000000000000010,0b00000000000000000000000000000010,Snow/Ice Target covered with snow/ice
,Ne2,41.16487,-96.4701,2008-02-02,h10v04,4240.0,3540.0,-0.0118,-0.0085,46.0,18445.0,2.0,0b0100100000001101,0b01,"VI produced, but check other QA",0b0011,Decreasing quality,0b00,Climatology,0b0,No,0b0,No,0b0,No,0b001,Land (Nothing else but land),0b1,Yes,0b0,No,0b00000000000000000000000000000010,0b00000000000000000000000000000010,Snow/Ice Target covered with snow/ice
,Ne2,41.16487,-96.4701,2008-02-10,h10v04,4240.0,3540.0,-0.0187,-0.0144,47.0,2058.0,3.0,0b0000100000001010,0b10,"Pixel produced, but most probably cloudy",0b0010,Decreasing quality,0b00,Climatology,0b0,No,0b0,No,0b0,No,0b001,Land (Nothing else but land),0b0,No,0b0,No,0b00000000000000000000000000000011,0b00000000000000000000000000000011,"Cloudy data, Target not visible, covered with cloud"
,Ne2,41.16487,-96.4701,2008-02-18,h10v04,4240.0,3540.0,0.1406,0.2309,60.0,2112.0,0.0,0b0000100001000000,0b00,VI produced with good quality,0b0000,Highest quality,0b01,Low,0b0,No,0b0,No,0b0,No,0b001,Land (Nothing else but land),0b0,No,0b0,No,0b00000000000000000000000000000000,0b00000000000000000000000000000000,"Good data, use with confidence"
,Ne2,41.16487,-96.4701,2008-02-26,h10v04,4240.0,3540.0,0.1506,0.2141,72.0,2112.0,0.0,0b0000100001000000,0b00,VI produced with good quality,0b0000,Highest quality,0b01,Low,0b0,No,0b0,No,0b0,No,0b001,Land (Nothing else but land),0b0,No,0b0,No,0b00000000000000000000000000000000,0b00000000000000000000000000000000,"Good data, use with confidence"
,Ne2,41.16487,-96.4701,2008-03-05,h10v04,4240.0,3540.0,0.1627,0.2237,78.0,2112.0,0.0,0b0000100001000000,0b00,VI produced with good quality,0b0000,Highest quality,0b01,Low,0b0,No,0b0,No,0b0,No,0b001,Land (Nothing else but land),0b0,No,0b0,No,0b00000000000000000000000000000000,0b00000000000000000000000000000000,"Good data, use with confidence"
,Ne2,41.16487,-96.4701,2008-03-13,h10v04,4240.0,3540.0,0.1642,0.2251,88.0,2112.0,0.0,0b0000100001000000,0b00,VI produced with good quality,0b0000,Highest quality,0b01,Low,0b0,No,0b0,No,0b0,No,0b001,Land (Nothing else but land),0b0,No,0b0,No,0b00000000000000000000000000000000,0b00000000000000000000000000000000,"Good data, use with confidence"
,Ne2,41.16487,-96.4701,2008-03-21,h10v04,4240.0,3540.0,0.1468,0.2152,96.0,2112.0,0.0,0b0000100001000000,0b00,VI produced with good quality,0b0000,Highest quality,0b01,Low,0b0,No,0b0,No,0b0,No,0b001,Land (Nothing else but land),0b0,No,0b0,No,0b00000000000000000000000000000000,0b00000000000000000000000000000000,"Good data, use with confidence"
,Ne2,41.16487,-96.4701,2008-03-29,h10v04,4240.0,3540.0,0.1479,0.2085,104.0,2112.0,0.0,0b0000100001000000,0b00,VI produced with good quality,0b0000,Highest quality,0b01,Low,0b0,No,0b0,No,0b0,No,0b001,Land (Nothing else but land),0b0,No,0b0,No,0b00000000000000000000000000000000,0b00000000000000000000000000000000,"Good data, use with confidence"
,Ne2,41.16487,-96.4701,2008-04-06,h10v04,4240.0,3540.0,0.1478,0.2032,110.0,2112.0,0.0,0b0000100001000000,0b00,VI produced with good quality,0b0000,Highest quality,0b01,Low,0b0,No,0b0,No,0b0,No,0b001,Land (Nothing else but land),0b0,No,0b0,No,0b00000000000000000000000000000000,0b00000000000000000000000000000000,"Good data, use with confidence"
,Ne2,41.16487,-96.4701,2008-04-14,h10v04,4240.0,3540.0,0.191,0.2147,120.0,3150.0,3.0,0b0000110001001110,0b10,"Pixel produced, but most probably cloudy",0b0011,Decreasing quality,0b01,Low,0b0,No,0b0,No,0b1,Yes,0b001,Land (Nothing else but land),0b0,No,0b0,No,0b00000000000000000000000000000011,0b00000000000000000000000000000011,"Cloudy data, Target not visible, covered with cloud"
,Ne2,41.16487,-96.4701,2008-04-22,h10v04,4240.0,3540.0,0.1863,0.2111,124.0,3150.0,3.0,0b0000110001001110,0b10,"Pixel produced, but most probably cloudy",0b0011,Decreasing quality,0b01,Low,0b0,No,0b0,No,0b1,Yes,0b001,Land (Nothing else but land),0b0,No,0b0,No,0b00000000000000000000000000000011,0b00000000000000000000000000000011,"Cloudy data, Target not visible, covered with cloud"
,Ne2,41.16487,-96.4701,2008-04-30,h10v04,4240.0,3540.0,0.1657,0.2304,125.0,2112.0,0.0,0b0000100001000000,0b00,VI produced with good quality,0b0000,Highest quality,0b01,Low,0b0,No,0b0,No,0b0,No,0b001,Land (Nothing else but land),0b0,No,0b0,No,0b00000000000000000000000000000000,0b00000000000000000000000000000000,"Good data, use with confidence"
,Ne2,41.16487,-96.4701,2008-05-08,h10v04,4240.0,3540.0,0.1592,0.2335,137.0,2185.0,1.0,0b0000100010001001,0b01,"VI produced, but check other QA",0b0010,Decreasing quality,0b10,Average,0b0,No,0b0,No,0b0,No,0b001,Land (Nothing else but land),0b0,No,0b0,No,0b00000000000000000000000000000001,0b00000000000000000000000000000001,"Marginal data, Useful, but look at other QA information"
,Ne2,41.16487,-96.4701,2008-05-16,h10v04,4240.0,3540.0,0.1488,0.2369,138.0,2181.0,1.0,0b0000100010000101,0b01,"VI produced, but check other QA",0b0001,Lower quality,0b10,Average,0b0,No,0b0,No,0b0,No,0b001,Land (Nothing else but land),0b0,No,0b0,No,0b00000000000000000000000000000001,0b00000000000000000000000000000001,"Marginal data, Useful, but look at other QA information"
,Ne2,41.16487,-96.4701,2008-05-24,h10v04,4240.0,3540.0,0.1766,0.2559,158.0,2112.0,0.0,0b0000100001000000,0b00,VI produced with good quality,0b0000,Highest quality,0b01,Low,0b0,No,0b0,No,0b0,No,0b001,Land (Nothing else but land),0b0,No,0b0,No,0b00000000000000000000000000000000,0b00000000000000000000000000000000,"Good data, use with confidence"
,Ne2,41.16487,-96.4701,2008-06-01,h10v04,4240.0,3540.0,0.1871,0.2826,168.0,2112.0,0.0,0b0000100001000000,0b00,VI produced with good quality,0b0000,Highest quality,0b01,Low,0b0,No,0b0,No,0b0,No,0b001,Land (Nothing else but land),0b0,No,0b0,No,0b00000000000000000000000000000000,0b00000000000000000000000000000000,"Good data, use with confidence"
,Ne2,41.16487,-96.4701,2008-06-09,h10v04,4240.0,3540.0,0.1902,0.2654,165.0,2112.0,0.0,0b0000100001000000,0b00,VI produced with good quality,0b0000,Highest quality,0b01,Low,0b0,No,0b0,No,0b0,No,0b001,Land (Nothing else but land),0b0,No,0b0,No,0b00000000000000000000000000000000,0b00000000000000000000000000000000,"Good data, use with confidence"
,Ne2,41.16487,-96.4701,2008-06-17,h10v04,4240.0,3540.0,0.3403,0.4583,184.0,2112.0,0.0,0b0000100001000000,0b00,VI produced with good quality,0b0000,Highest quality,0b01,Low,0b0,No,0b0,No,0b0,No,0b001,Land (Nothing else but land),0b0,No,0b0,No,0b00000000000000000000000000000000,0b00000000000000000000000000000000,"Good data, use with confidence"
,Ne2,41.16487,-96.4701,2008-06-25,h10v04,4240.0,3540.0,0.2484,0.3947,179.0,2112.0,0.0,0b0000100001000000,0b00,VI produced with good quality,0b0000,Highest quality,0b01,Low,0b0,No,0b0,No,0b0,No,0b001,Land (Nothing else but land),0b0,No,0b0,No,0b00000000000000000000000000000000,0b00000000000000000000000000000000,"Good data, use with confidence"
,Ne2,41.16487,-96.4701,2008-07-03,h10v04,4240.0,3540.0,0.3736,0.5304,193.0,2112.0,0.0,0b0000100001000000,0b00,VI produced with good quality,0b0000,Highest quality,0b01,Low,0b0,No,0b0,No,0b0,No,0b001,Land (Nothing else but land),0b0,No,0b0,No,0b00000000000000000000000000000000,0b00000000000000000000000000000000,"Good data, use with confidence"
,Ne2,41.16487,-96.4701,2008-07-11,h10v04,4240.0,3540.0,0.4028,0.5658,197.0,2112.0,0.0,0b0000100001000000,0b00,VI produced with good quality,0b0000,Highest quality,0b01,Low,0b0,No,0b0,No,0b0,No,0b001,Land (Nothing else but land),0b0,No,0b0,No,0b00000000000000000000000000000000,0b00000000000000000000000000000000,"Good data, use with confidence"
,Ne2,41.16487,-96.4701,2008-07-19,h10v04,4240.0,3540.0,0.7856,0.8893,216.0,2112.0,0.0,0b0000100001000000,0b00,VI produced with good quality,0b0000,Highest quality,0b01,Low,0b0,No,0b0,No,0b0,No,0b001,Land (Nothing else but land),0b0,No,0b0,No,0b00000000000000000000000000000000,0b00000000000000000000000000000000,"Good data, use with confidence"
,Ne2,41.16487,-96.4701,2008-07-27,h10v04,4240.0,3540.0,0.5693,0.7341,220.0,2112.0,0.0,0b0000100001000000,0b00,VI produced with good quality,0b0000,Highest quality,0b01,Low,0b0,No,0b0,No,0b0,No,0b001,Land (Nothing else but land),0b0,No,0b0,No,0b00000000000000000000000000000000,0b00000000000000000000000000000000,"Good data, use with confidence"
,Ne2,41.16487,-96.4701,2008-08-04,h10v04,4240.0,3540.0,0.7561,0.9245,225.0,2112.0,0.0,0b0000100001000000,0b00,VI produced with good quality,0b0000,Highest quality,0b01,Low,0b0,No,0b0,No,0b0,No,0b001,Land (Nothing else but land),0b0,No,0b0,No,0b00000000000000000000000000000000,0b00000000000000000000000000000000,"Good data, use with confidence"
,Ne2,41.16487,-96.4701,2008-08-12,h10v04,4240.0,3540.0,0.7962,0.9222,236.0,2112.0,0.0,0b0000100001000000,0b00,VI produced with good quality,0b0000,Highest quality,0b01,Low,0b0,No,0b0,No,0b0,No,0b001,Land (Nothing else but land),0b0,No,0b0,No,0b00000000000000000000000000000000,0b00000000000000000000000000000000,"Good data, use with confidence"
,Ne2,41.16487,-96.4701,2008-08-20,h10v04,4240.0,3540.0,0.7495,0.8947999,248.0,2112.0,0.0,0b0000100001000000,0b00,VI produced with good quality,0b0000,Highest quality,0b01,Low,0b0,No,0b0,No,0b0,No,0b001,Land (Nothing else but land),0b0,No,0b0,No,0b00000000000000000000000000000000,0b00000000000000000000000000000000,"Good data, use with confidence"
,Ne2,41.16487,-96.4701,2008-08-28,h10v04,4240.0,3540.0,0.749,0.8916,245.0,2181.0,1.0,0b0000100010000101,0b01,"VI produced, but check other QA",0b0001,Lower quality,0b10,Average,0b0,No,0b0,No,0b0,No,0b001,Land (Nothing else but land),0b0,No,0b0,No,0b00000000000000000000000000000001,0b00000000000000000000000000000001,"Marginal data, Useful, but look at other QA information"
,Ne2,41.16487,-96.4701,2008-09-05,h10v04,4240.0,3540.0,0.3757,0.6342,264.0,2112.0,0.0,0b0000100001000000,0b00,VI produced with good quality,0b0000,Highest quality,0b01,Low,0b0,No,0b0,No,0b0,No,0b001,Land (Nothing else but land),0b0,No,0b0,No,0b00000000000000000000000000000000,0b00000000000000000000000000000000,"Good data, use with confidence"
,Ne2,41.16487,-96.4701,2008-09-13,h10v04,4240.0,3540.0,0.5985,0.7885,261.0,2112.0,0.0,0b0000100001000000,0b00,VI produced with good quality,0b0000,Highest quality,0b01,Low,0b0,No,0b0,No,0b0,No,0b001,Land (Nothing else but land),0b0,No,0b0,No,0b00000000000000000000000000000000,0b00000000000000000000000000000000,"Good data, use with confidence"
,Ne2,41.16487,-96.4701,2008-09-21,h10v04,4240.0,3540.0,0.2701,0.4428,271.0,2112.0,0.0,0b0000100001000000,0b00,VI produced with good quality,0b0000,Highest quality,0b01,Low,0b0,No,0b0,No,0b0,No,0b001,Land (Nothing else but land),0b0,No,0b0,No,0b00000000000000000000000000000000,0b00000000000000000000000000000000,"Good data, use with confidence"
,Ne2,41.16487,-96.4701,2008-09-29,h10v04,4240.0,3540.0,0.159,0.2673,284.0,2112.0,0.0,0b0000100001000000,0b00,VI produced with good quality,0b0000,Highest quality,0b01,Low,0b0,No,0b0,No,0b0,No,0b001,Land (Nothing else but land),0b0,No,0b0,No,0b00000000000000000000000000000000,0b00000000000000000000000000000000,"Good data, use with confidence"
,Ne2,41.16487,-96.4701,2008-10-07,h10v04,4240.0,3540.0,0.1505,0.2609,289.0,2112.0,0.0,0b0000100001000000,0b00,VI produced with good quality,0b0000,Highest quality,0b01,Low,0b0,No,0b0,No,0b0,No,0b001,Land (Nothing else but land),0b0,No,0b0,No,0b00000000000000000000000000000000,0b00000000000000000000000000000000,"Good data, use with confidence"
,Ne2,41.16487,-96.4701,2008-10-15,h10v04,4240.0,3540.0,0.1378,0.2255,293.0,2112.0,0.0,0b0000100001000000,0b00,VI produced with good quality,0b0000,Highest quality,0b01,Low,0b0,No,0b0,No,0b0,No,0b001,Land (Nothing else but land),0b0,No,0b0,No,0b00000000000000000000000000000000,0b00000000000000000000000000000000,"Good data, use with confidence"
,Ne2,41.16487,-96.4701,2008-10-23,h10v04,4240.0,3540.0,0.1168,0.2105,305.0,2112.0,0.0,0b0000100001000000,0b00,VI produced with good quality,0b0000,Highest quality,0b01,Low,0b0,No,0b0,No,0b0,No,0b001,Land (Nothing else but land),0b0,No,0b0,No,0b00000000000000000000000000000000,0b00000000000000000000000000000000,"Good data, use with confidence"
,Ne2,41.16487,-96.4701,2008-10-31,h10v04,4240.0,3540.0,0.1188,0.2074,307.0,2112.0,0.0,0b0000100001000000,0b00,VI produced with good quality,0b0000,Highest quality,0b01,Low,0b0,No,0b0,No,0b0,No,0b001,Land (Nothing else but land),0b0,No,0b0,No,0b00000000000000000000000000000000,0b00000000000000000000000000000000,"Good data, use with confidence"
,Ne2,41.16487,-96.4701,2008-11-08,h10v04,4240.0,3540.0,0.1294,0.2288,321.0,2116.0,0.0,0b0000100001000100,0b00,VI produced with good quality,0b0001,Lower quality,0b01,Low,0b0,No,0b0,No,0b0,No,0b001,Land (Nothing else but land),0b0,No,0b0,No,0b00000000000000000000000000000000,0b00000000000000000000000000000000,"Good data, use with confidence"
,Ne2,41.16487,-96.4701,2008-11-16,h10v04,4240.0,3540.0,0.0587,0.1897,332.0,2116.0,0.0,0b0000100001000100,0b00,VI produced with good quality,0b0001,Lower quality,0b01,Low,0b0,No,0b0,No,0b0,No,0b001,Land (Nothing else but land),0b0,No,0b0,No,0b00000000000000000000000000000000,0b00000000000000000000000000000000,"Good data, use with confidence"
,Ne2,41.16487,-96.4701,2008-11-24,h10v04,4240.0,3540.0,0.1224,0.2203,330.0,2116.0,0.0,0b0000100001000100,0b00,VI produced with good quality,0b0001,Lower quality,0b01,Low,0b0,No,0b0,No,0b0,No,0b001,Land (Nothing else but land),0b0,No,0b0,No,0b00000000000000000000000000000000,0b00000000000000000000000000000000,"Good data, use with confidence"
,Ne2,41.16487,-96.4701,2008-12-02,h10v04,4240.0,3540.0,0.1109,0.1975,348.0,2116.0,0.0,0b0000100001000100,0b00,VI produced with good quality,0b0001,Lower quality,0b01,Low,0b0,No,0b0,No,0b0,No,0b001,Land (Nothing else but land),0b0,No,0b0,No,0b00000000000000000000000000000000,0b00000000000000000000000000000000,"Good data, use with confidence"
,Ne2,41.16487,-96.4701,2008-12-10,h10v04,4240.0,3540.0,0.1145,0.2028,350.0,2189.0,1.0,0b0000100010001101,0b01,"VI produced, but check other QA",0b0011,Decreasing quality,0b10,Average,0b0,No,0b0,No,0b0,No,0b001,Land (Nothing else but land),0b0,No,0b0,No,0b00000000000000000000000000000001,0b00000000000000000000000000000001,"Marginal data, Useful, but look at other QA information"
,Ne2,41.16487,-96.4701,2008-12-18,h10v04,4240.0,3540.0,0.1247,0.1968,366.0,2120.0,0.0,0b0000100001001000,0b00,VI produced with good quality,0b0010,Decreasing quality,0b01,Low,0b0,No,0b0,No,0b0,No,0b001,Land (Nothing else but land),0b0,No,0b0,No,0b00000000000000000000000000000000,0b00000000000000000000000000000000,"Good data, use with confidence"
,Ne2,41.16487,-96.4701,2008-12-26,h10v04,4240.0,3540.0,0.1274,0.2003,8.0,2189.0,1.0,0b0000100010001101,0b01,"VI produced, but check other QA",0b0011,Decreasing quality,0b10,Average,0b0,No,0b0,No,0b0,No,0b001,Land (Nothing else but land),0b0,No,0b0,No,0b00000000000000000000000000000001,0b00000000000000000000000000000001,"Marginal data, Useful, but look at other QA information"
,Ne2,41.16487,-96.4701,2009-01-01,h10v04,4240.0,3540.0,0.1149,0.1979,5.0,2116.0,0.0,0b0000100001000100,0b00,VI produced with good quality,0b0001,Lower quality,0b01,Low,0b0,No,0b0,No,0b0,No,0b001,Land (Nothing else but land),0b0,No,0b0,No,0b00000000000000000000000000000000,0b00000000000000000000000000000000,"Good data, use with confidence"
,Ne2,41.16487,-96.4701,2009-01-09,h10v04,4240.0,3540.0,0.1028,0.1812,21.0,2116.0,0.0,0b0000100001000100,0b00,VI produced with good quality,0b0001,Lower quality,0b01,Low,0b0,No,0b0,No,0b0,No,0b001,Land (Nothing else but land),0b0,No,0b0,No,0b00000000000000000000000000000000,0b00000000000000000000000000000000,"Good data, use with confidence"
,Ne2,41.16487,-96.4701,2009-01-17,h10v04,4240.0,3540.0,0.1148,0.1924,21.0,2116.0,0.0,0b0000100001000100,0b00,VI produced with good quality,0b0001,Lower quality,0b01,Low,0b0,No,0b0,No,0b0,No,0b001,Land (Nothing else but land),0b0,No,0b0,No,0b00000000000000000000000000000000,0b00000000000000000000000000000000,"Good data, use with confidence"
,Ne2,41.16487,-96.4701,2009-01-25,h10v04,4240.0,3540.0,0.0957,0.162,35.0,2112.0,0.0,0b0000100001000000,0b00,VI produced with good quality,0b0000,Highest quality,0b01,Low,0b0,No,0b0,No,0b0,No,0b001,Land (Nothing else but land),0b0,No,0b0,No,0b00000000000000000000000000000000,0b00000000000000000000000000000000,"Good data, use with confidence"
,Ne2,41.16487,-96.4701,2009-02-02,h10v04,4240.0,3540.0,0.1292,0.2168,41.0,2112.0,0.0,0b0000100001000000,0b00,VI produced with good quality,0b0000,Highest quality,0b01,Low,0b0,No,0b0,No,0b0,No,0b001,Land (Nothing else but land),0b0,No,0b0,No,0b00000000000000000000000000000000,0b00000000000000000000000000000000,"Good data, use with confidence"
,Ne2,41.16487,-96.4701,2009-02-10,h10v04,4240.0,3540.0,0.1205,0.2008,53.0,2181.0,1.0,0b0000100010000101,0b01,"VI produced, but check other QA",0b0001,Lower quality,0b10,Average,0b0,No,0b0,No,0b0,No,0b001,Land (Nothing else but land),0b0,No,0b0,No,0b00000000000000000000000000000001,0b00000000000000000000000000000001,"Marginal data, Useful, but look at other QA information"
,Ne2,41.16487,-96.4701,2009-02-18,h10v04,4240.0,3540.0,0.1201,0.2018,55.0,2112.0,0.0,0b0000100001000000,0b00,VI produced with good quality,0b0000,Highest quality,0b01,Low,0b0,No,0b0,No,0b0,No,0b001,Land (Nothing else but land),0b0,No,0b0,No,0b00000000000000000000000000000000,0b00000000000000000000000000000000,"Good data, use with confidence"
,Ne2,41.16487,-96.4701,2009-02-26,h10v04,4240.0,3540.0,0.1279,0.2078,72.0,2181.0,1.0,0b0000100010000101,0b01,"VI produced, but check other QA",0b0001,Lower quality,0b10,Average,0b0,No,0b0,No,0b0,No,0b001,Land (Nothing else but land),0b0,No,0b0,No,0b00000000000000000000000000000001,0b00000000000000000000000000000001,"Marginal data, Useful, but look at other QA information"
,Ne2,41.16487,-96.4701,2009-03-06,h10v04,4240.0,3540.0,0.1315,0.2055,78.0,2181.0,1.0,0b0000100010000101,0b01,"VI produced, but check other QA",0b0001,Lower quality,0b10,Average,0b0,No,0b0,No,0b0,No,0b001,Land (Nothing else but land),0b0,No,0b0,No,0b00000000000000000000000000000001,0b00000000000000000000000000000001,"Marginal data, Useful, but look at other QA information"
,Ne2,41.16487,-96.4701,2009-03-14,h10v04,4240.0,3540.0,0.1309,0.2272,74.0,2181.0,1.0,0b0000100010000101,0b01,"VI produced, but check other QA",0b0001,Lower quality,0b10,Average,0b0,No,0b0,No,0b0,No,0b001,Land (Nothing else but land),0b0,No,0b0,No,0b00000000000000000000000000000001,0b00000000000000000000000000000001,"Marginal data, Useful, but look at other QA information"
,Ne2,41.16487,-96.4701,2009-03-22,h10v04,4240.0,3540.0,0.1478,0.2315,96.0,2181.0,1.0,0b0000100010000101,0b01,"VI produced, but check other QA",0b0001,Lower quality,0b10,Average,0b0,No,0b0,No,0b0,No,0b001,Land (Nothing else but land),0b0,No,0b0,No,0b00000000000000000000000000000001,0b00000000000000000000000000000001,"Marginal data, Useful, but look at other QA information"
,Ne2,41.16487,-96.4701,2009-03-30,h10v04,4240.0,3540.0,0.1367,0.2253,97.0,2112.0,0.0,0b0000100001000000,0b00,VI produced with good quality,0b0000,Highest quality,0b01,Low,0b0,No,0b0,No,0b0,No,0b001,Land (Nothing else but land),0b0,No,0b0,No,0b00000000000000000000000000000000,0b00000000000000000000000000000000,"Good data, use with confidence"
,Ne2,41.16487,-96.4701,2009-04-07,h10v04,4240.0,3540.0,0.1397,0.2393,112.0,2112.0,0.0,0b0000100001000000,0b00,VI produced with good quality,0b0000,Highest quality,0b01,Low,0b0,No,0b0,No,0b0,No,0b001,Land (Nothing else but land),0b0,No,0b0,No,0b00000000000000000000000000000000,0b00000000000000000000000000000000,"Good data, use with confidence"
,Ne2,41.16487,-96.4701,2009-04-15,h10v04,4240.0,3540.0,0.1487,0.2351,111.0,2112.0,0.0,0b0000100001000000,0b00,VI produced with good quality,0b0000,Highest quality,0b01,Low,0b0,No,0b0,No,0b0,No,0b001,Land (Nothing else but land),0b0,No,0b0,No,0b00000000000000000000000000000000,0b00000000000000000000000000000000,"Good data, use with confidence"
,Ne2,41.16487,-96.4701,2009-04-23,h10v04,4240.0,3540.0,0.149,0.2382,114.0,2181.0,1.0,0b0000100010000101,0b01,"VI produced, but check other QA",0b0001,Lower quality,0b10,Average,0b0,No,0b0,No,0b0,No,0b001,Land (Nothing else but land),0b0,No,0b0,No,0b00000000000000000000000000000001,0b00000000000000000000000000000001,"Marginal data, Useful, but look at other QA information"
,Ne2,41.16487,-96.4701,2009-05-01,h10v04,4240.0,3540.0,0.1617,0.2519,129.0,2181.0,1.0,0b0000100010000101,0b01,"VI produced, but check other QA",0b0001,Lower quality,0b10,Average,0b0,No,0b0,No,0b0,No,0b001,Land (Nothing else but land),0b0,No,0b0,No,0b00000000000000000000000000000001,0b00000000000000000000000000000001,"Marginal data, Useful, but look at other QA information"
,Ne2,41.16487,-96.4701,2009-05-09,h10v04,4240.0,3540.0,0.1434,0.2671,129.0,2116.0,1.0,0b0000100001000100,0b00,VI produced with good quality,0b0001,Lower quality,0b01,Low,0b0,No,0b0,No,0b0,No,0b001,Land (Nothing else but land),0b0,No,0b0,No,0b00000000000000000000000000000001,0b00000000000000000000000000000001,"Marginal data, Useful, but look at other QA information"
,Ne2,41.16487,-96.4701,2009-05-17,h10v04,4240.0,3540.0,0.1663,0.2617,138.0,2112.0,0.0,0b0000100001000000,0b00,VI produced with good quality,0b0000,Highest quality,0b01,Low,0b0,No,0b0,No,0b0,No,0b001,Land (Nothing else but land),0b0,No,0b0,No,0b00000000000000000000000000000000,0b00000000000000000000000000000000,"Good data, use with confidence"
,Ne2,41.16487,-96.4701,2009-05-25,h10v04,4240.0,3540.0,0.1925,0.3039,149.0,2112.0,0.0,0b0000100001000000,0b00,VI produced with good quality,0b0000,Highest quality,0b01,Low,0b0,No,0b0,No,0b0,No,0b001,Land (Nothing else but land),0b0,No,0b0,No,0b00000000000000000000000000000000,0b00000000000000000000000000000000,"Good data, use with confidence"
,Ne2,41.16487,-96.4701,2009-06-02,h10v04,4240.0,3540.0,0.2359,0.3535,154.0,2112.0,0.0,0b0000100001000000,0b00,VI produced with good quality,0b0000,Highest quality,0b01,Low,0b0,No,0b0,No,0b0,No,0b001,Land (Nothing else but land),0b0,No,0b0,No,0b00000000000000000000000000000000,0b00000000000000000000000000000000,"Good data, use with confidence"
,Ne2,41.16487,-96.4701,2009-06-10,h10v04,4240.0,3540.0,0.741,0.8774,176.0,2112.0,0.0,0b0000100001000000,0b00,VI produced with good quality,0b0000,Highest quality,0b01,Low,0b0,No,0b0,No,0b0,No,0b001,Land (Nothing else but land),0b0,No,0b0,No,0b00000000000000000000000000000000,0b00000000000000000000000000000000,"Good data, use with confidence"
,Ne2,41.16487,-96.4701,2009-06-18,h10v04,4240.0,3540.0,0.7725,0.8983,179.0,2112.0,0.0,0b0000100001000000,0b00,VI produced with good quality,0b0000,Highest quality,0b01,Low,0b0,No,0b0,No,0b0,No,0b001,Land (Nothing else but land),0b0,No,0b0,No,0b00000000000000000000000000000000,0b00000000000000000000000000000000,"Good data, use with confidence"
,Ne2,41.16487,-96.4701,2009-06-26,h10v04,4240.0,3540.0,0.7695,0.9138,181.0,2112.0,0.0,0b0000100001000000,0b00,VI produced with good quality,0b0000,Highest quality,0b01,Low,0b0,No,0b0,No,0b0,No,0b001,Land (Nothing else but land),0b0,No,0b0,No,0b00000000000000000000000000000000,0b00000000000000000000000000000000,"Good data, use with confidence"
,Ne2,41.16487,-96.4701,2009-07-04,h10v04,4240.0,3540.0,0.759,0.888,193.0,2181.0,1.0,0b0000100010000101,0b01,"VI produced, but check other QA",0b0001,Lower quality,0b10,Average,0b0,No,0b0,No,0b0,No,0b001,Land (Nothing else but land),0b0,No,0b0,No,0b00000000000000000000000000000001,0b00000000000000000000000000000001,"Marginal data, Useful, but look at other QA information"
,Ne2,41.16487,-96.4701,2009-07-12,h10v04,4240.0,3540.0,0.8133,0.9154,206.0,2112.0,0.0,0b0000100001000000,0b00,VI produced with good quality,0b0000,Highest quality,0b01,Low,0b0,No,0b0,No,0b0,No,0b001,Land (Nothing else but land),0b0,No,0b0,No,0b00000000000000000000000000000000,0b00000000000000000000000000000000,"Good data, use with confidence"
,Ne2,41.16487,-96.4701,2009-07-20,h10v04,4240.0,3540.0,0.7906,0.922,204.0,2112.0,0.0,0b0000100001000000,0b00,VI produced with good quality,0b0000,Highest quality,0b01,Low,0b0,No,0b0,No,0b0,No,0b001,Land (Nothing else but land),0b0,No,0b0,No,0b00000000000000000000000000000000,0b00000000000000000000000000000000,"Good data, use with confidence"
,Ne2,41.16487,-96.4701,2009-07-28,h10v04,4240.0,3540.0,0.7496,0.9065,220.0,2112.0,0.0,0b0000100001000000,0b00,VI produced with good quality,0b0000,Highest quality,0b01,Low,0b0,No,0b0,No,0b0,No,0b001,Land (Nothing else but land),0b0,No,0b0,No,0b00000000000000000000000000000000,0b00000000000000000000000000000000,"Good data, use with confidence"
,Ne2,41.16487,-96.4701,2009-08-05,h10v04,4240.0,3540.0,0.7603,0.8955,218.0,2112.0,0.0,0b0000100001000000,0b00,VI produced with good quality,0b0000,Highest quality,0b01,Low,0b0,No,0b0,No,0b0,No,0b001,Land (Nothing else but land),0b0,No,0b0,No,0b00000000000000000000000000000000,0b00000000000000000000000000000000,"Good data, use with confidence"
,Ne2,41.16487,-96.4701,2009-08-13,h10v04,4240.0,3540.0,0.709,0.8845,236.0,2112.0,0.0,0b0000100001000000,0b00,VI produced with good quality,0b0000,Highest quality,0b01,Low,0b0,No,0b0,No,0b0,No,0b001,Land (Nothing else but land),0b0,No,0b0,No,0b00000000000000000000000000000000,0b00000000000000000000000000000000,"Good data, use with confidence"
,Ne2,41.16487,-96.4701,2009-08-21,h10v04,4240.0,3540.0,0.719,0.8829,236.0,2112.0,0.0,0b0000100001000000,0b00,VI produced with good quality,0b0000,Highest quality,0b01,Low,0b0,No,0b0,No,0b0,No,0b001,Land (Nothing else but land),0b0,No,0b0,No,0b00000000000000000000000000000000,0b00000000000000000000000000000000,"Good data, use with confidence"
,Ne2,41.16487,-96.4701,2009-08-29,h10v04,4240.0,3540.0,0.7331,0.8551,242.0,2112.0,0.0,0b0000100001000000,0b00,VI produced with good quality,0b0000,Highest quality,0b01,Low,0b0,No,0b0,No,0b0,No,0b001,Land (Nothing else but land),0b0,No,0b0,No,0b00000000000000000000000000000000,0b00000000000000000000000000000000,"Good data, use with confidence"
,Ne2,41.16487,-96.4701,2009-09-06,h10v04,4240.0,3540.0,0.5623,0.6677,262.0,2116.0,0.0,0b0000100001000100,0b00,VI produced with good quality,0b0001,Lower quality,0b01,Low,0b0,No,0b0,No,0b0,No,0b001,Land (Nothing else but land),0b0,No,0b0,No,0b00000000000000000000000000000000,0b00000000000000000000000000000000,"Good data, use with confidence"
,Ne2,41.16487,-96.4701,2009-09-14,h10v04,4240.0,3540.0,0.4923,0.6926,263.0,2112.0,0.0,0b0000100001000000,0b00,VI produced with good quality,0b0000,Highest quality,0b01,Low,0b0,No,0b0,No,0b0,No,0b001,Land (Nothing else but land),0b0,No,0b0,No,0b00000000000000000000000000000000,0b00000000000000000000000000000000,"Good data, use with confidence"
,Ne2,41.16487,-96.4701,2009-09-22,h10v04,4240.0,3540.0,0.2316,0.3831,280.0,2112.0,0.0,0b0000100001000000,0b00,VI produced with good quality,0b0000,Highest quality,0b01,Low,0b0,No,0b0,No,0b0,No,0b001,Land (Nothing else but land),0b0,No,0b0,No,0b00000000000000000000000000000000,0b00000000000000000000000000000000,"Good data, use with confidence"
,Ne2,41.16487,-96.4701,2009-09-30,h10v04,4240.0,3540.0,0.2703,0.4442,282.0,2116.0,0.0,0b0000100001000100,0b00,VI produced with good quality,0b0001,Lower quality,0b01,Low,0b0,No,0b0,No,0b0,No,0b001,Land (Nothing else but land),0b0,No,0b0,No,0b00000000000000000000000000000000,0b00000000000000000000000000000000,"Good data, use with confidence"
,Ne2,41.16487,-96.4701,2009-10-08,h10v04,4240.0,3540.0,0.1894,0.3764,282.0,2112.0,0.0,0b0000100001000000,0b00,VI produced with good quality,0b0000,Highest quality,0b01,Low,0b0,No,0b0,No,0b0,No,0b001,Land (Nothing else but land),0b0,No,0b0,No,0b00000000000000000000000000000000,0b00000000000000000000000000000000,"Good data, use with confidence"
,Ne2,41.16487,-96.4701,2009-10-16,h10v04,4240.0,3540.0,0.1344,0.2793,300.0,2112.0,0.0,0b0000100001000000,0b00,VI produced with good quality,0b0000,Highest quality,0b01,Low,0b0,No,0b0,No,0b0,No,0b001,Land (Nothing else but land),0b0,No,0b0,No,0b00000000000000000000000000000000,0b00000000000000000000000000000000,"Good data, use with confidence"
,Ne2,41.16487,-96.4701,2009-10-24,h10v04,4240.0,3540.0,0.1179,0.2243,305.0,2112.0,0.0,0b0000100001000000,0b00,VI produced with good quality,0b0000,Highest quality,0b01,Low,0b0,No,0b0,No,0b0,No,0b001,Land (Nothing else but land),0b0,No,0b0,No,0b00000000000000000000000000000000,0b00000000000000000000000000000000,"Good data, use with confidence"
,Ne2,41.16487,-96.4701,2009-11-01,h10v04,4240.0,3540.0,0.1067,0.2169,311.0,2112.0,0.0,0b0000100001000000,0b00,VI produced with good quality,0b0000,Highest quality,0b01,Low,0b0,No,0b0,No,0b0,No,0b001,Land (Nothing else but land),0b0,No,0b0,No,0b00000000000000000000000000000000,0b00000000000000000000000000000000,"Good data, use with confidence"
,Ne2,41.16487,-96.4701,2009-11-09,h10v04,4240.0,3540.0,0.1625,0.2409,321.0,2116.0,0.0,0b0000100001000100,0b00,VI produced with good quality,0b0001,Lower quality,0b01,Low,0b0,No,0b0,No,0b0,No,0b001,Land (Nothing else but land),0b0,No,0b0,No,0b00000000000000000000000000000000,0b00000000000000000000000000000000,"Good data, use with confidence"
,Ne2,41.16487,-96.4701,2009-11-17,h10v04,4240.0,3540.0,0.1835,0.2272,334.0,3154.0,3.0,0b0000110001010010,0b10,"Pixel produced, but most probably cloudy",0b0100,Decreasing quality,0b01,Low,0b0,No,0b0,No,0b1,Yes,0b001,Land (Nothing else but land),0b0,No,0b0,No,0b00000000000000000000000000000011,0b00000000000000000000000000000011,"Cloudy data, Target not visible, covered with cloud"
,Ne2,41.16487,-96.4701,2009-11-25,h10v04,4240.0,3540.0,0.1438,0.2307,339.0,2116.0,0.0,0b0000100001000100,0b00,VI produced with good quality,0b0001,Lower quality,0b01,Low,0b0,No,0b0,No,0b0,No,0b001,Land (Nothing else but land),0b0,No,0b0,No,0b00000000000000000000000000000000,0b00000000000000000000000000000000,"Good data, use with confidence"
,Ne2,41.16487,-96.4701,2009-12-03,h10v04,4240.0,3540.0,0.1363,0.2197,339.0,2116.0,0.0,0b0000100001000100,0b00,VI produced with good quality,0b0001,Lower quality,0b01,Low,0b0,No,0b0,No,0b0,No,0b001,Land (Nothing else but land),0b0,No,0b0,No,0b00000000000000000000000000000000,0b00000000000000000000000000000000,"Good data, use with confidence"
,Ne2,41.16487,-96.4701,2009-12-11,h10v04,4240.0,3540.0,-0.0118,-0.0078,346.0,2062.0,3.0,0b0000100000001110,0b10,"Pixel produced, but most probably cloudy",0b0011,Decreasing quality,0b00,Climatology,0b0,No,0b0,No,0b0,No,0b001,Land (Nothing else but land),0b0,No,0b0,No,0b00000000000000000000000000000011,0b00000000000000000000000000000011,"Cloudy data, Target not visible, covered with cloud"
,Ne2,41.16487,-96.4701,2009-12-19,h10v04,4240.0,3540.0,-0.0061,-0.0058,354.0,18453.0,2.0,0b0100100000010101,0b01,"VI produced, but check other QA",0b0101,Decreasing quality,0b00,Climatology,0b0,No,0b0,No,0b0,No,0b001,Land (Nothing else but land),0b1,Yes,0b0,No,0b00000000000000000000000000000010,0b00000000000000000000000000000010,Snow/Ice Target covered with snow/ice
,Ne2,41.16487,-96.4701,2009-12-27,h10v04,4240.0,3540.0,-0.02,-0.019,1.0,18453.0,2.0,0b0100100000010101,0b01,"VI produced, but check other QA",0b0101,Decreasing quality,0b00,Climatology,0b0,No,0b0,No,0b0,No,0b001,Land (Nothing else but land),0b1,Yes,0b0,No,0b00000000000000000000000000000010,0b00000000000000000000000000000010,Snow/Ice Target covered with snow/ice
,Ne2,41.16487,-96.4701,2010-01-01,h10v04,4240.0,3540.0,-0.0378,-0.0241,1.0,18449.0,2.0,0b0100100000010001,0b01,"VI produced, but check other QA",0b0100,Decreasing quality,0b00,Climatology,0b0,No,0b0,No,0b0,No,0b001,Land (Nothing else but land),0b1,Yes,0b0,No,0b00000000000000000000000000000010,0b00000000000000000000000000000010,Snow/Ice Target covered with snow/ice
,Ne2,41.16487,-96.4701,2010-01-09,h10v04,4240.0,3540.0,-0.0566,-0.0362,13.0,18449.0,2.0,0b0100100000010001,0b01,"VI produced, but check other QA",0b0100,Decreasing quality,0b00,Climatology,0b0,No,0b0,No,0b0,No,0b001,Land (Nothing else but land),0b1,Yes,0b0,No,0b00000000000000000000000000000010,0b00000000000000000000000000000010,Snow/Ice Target covered with snow/ice
,Ne2,41.16487,-96.4701,2010-01-17,h10v04,4240.0,3540.0,-0.0192,-0.0133,26.0,18449.0,2.0,0b0100100000010001,0b01,"VI produced, but check other QA",0b0100,Decreasing quality,0b00,Climatology,0b0,No,0b0,No,0b0,No,0b001,Land (Nothing else but land),0b1,Yes,0b0,No,0b00000000000000000000000000000010,0b00000000000000000000000000000010,Snow/Ice Target covered with snow/ice
,Ne2,41.16487,-96.4701,2010-01-25,h10v04,4240.0,3540.0,-0.028,-0.0178,40.0,18445.0,2.0,0b0100100000001101,0b01,"VI produced, but check other QA",0b0011,Decreasing quality,0b00,Climatology,0b0,No,0b0,No,0b0,No,0b001,Land (Nothing else but land),0b1,Yes,0b0,No,0b00000000000000000000000000000010,0b00000000000000000000000000000010,Snow/Ice Target covered with snow/ice
,Ne2,41.16487,-96.4701,2010-02-02,h10v04,4240.0,3540.0,-0.0062,-0.0042,33.0,18449.0,2.0,0b0100100000010001,0b01,"VI produced, but check other QA",0b0100,Decreasing quality,0b00,Climatology,0b0,No,0b0,No,0b0,No,0b001,Land (Nothing else but land),0b1,Yes,0b0,No,0b00000000000000000000000000000010,0b00000000000000000000000000000010,Snow/Ice Target covered with snow/ice
,Ne2,41.16487,-96.4701,2010-02-10,h10v04,4240.0,3540.0,-0.0217,-0.0141,55.0,18449.0,2.0,0b0100100000010001,0b01,"VI produced, but check other QA",0b0100,Decreasing quality,0b00,Climatology,0b0,No,0b0,No,0b0,No,0b001,Land (Nothing else but land),0b1,Yes,0b0,No,0b00000000000000000000000000000010,0b00000000000000000000000000000010,Snow/Ice Target covered with snow/ice
,Ne2,41.16487,-96.4701,2010-02-18,h10v04,4240.0,3540.0,-0.0213,-0.0139,57.0,18449.0,2.0,0b0100100000010001,0b01,"VI produced, but check other QA",0b0100,Decreasing quality,0b00,Climatology,0b0,No,0b0,No,0b0,No,0b001,Land (Nothing else but land),0b1,Yes,0b0,No,0b00000000000000000000000000000010,0b00000000000000000000000000000010,Snow/Ice Target covered with snow/ice
,Ne2,41.16487,-96.4701,2010-02-26,h10v04,4240.0,3540.0,-0.0527,-0.038,63.0,18445.0,2.0,0b0100100000001101,0b01,"VI produced, but check other QA",0b0011,Decreasing quality,0b00,Climatology,0b0,No,0b0,No,0b0,No,0b001,Land (Nothing else but land),0b1,Yes,0b0,No,0b00000000000000000000000000000010,0b00000000000000000000000000000010,Snow/Ice Target covered with snow/ice
,Ne2,41.16487,-96.4701,2010-03-06,h10v04,4240.0,3540.0,0.1202,0.194,77.0,2116.0,0.0,0b0000100001000100,0b00,VI produced with good quality,0b0001,Lower quality,0b01,Low,0b0,No,0b0,No,0b0,No,0b001,Land (Nothing else but land),0b0,No,0b0,No,0b00000000000000000000000000000000,0b00000000000000000000000000000000,"Good data, use with confidence"
,Ne2,41.16487,-96.4701,2010-03-14,h10v04,4240.0,3540.0,0.1519,0.203,77.0,3150.0,3.0,0b0000110001001110,0b10,"Pixel produced, but most probably cloudy",0b0011,Decreasing quality,0b01,Low,0b0,No,0b0,No,0b1,Yes,0b001,Land (Nothing else but land),0b0,No,0b0,No,0b00000000000000000000000000000011,0b00000000000000000000000000000011,"Cloudy data, Target not visible, covered with cloud"
,Ne2,41.16487,-96.4701,2010-03-22,h10v04,4240.0,3540.0,0.1818,0.21,87.0,3154.0,3.0,0b0000110001010010,0b10,"Pixel produced, but most probably cloudy",0b0100,Decreasing quality,0b01,Low,0b0,No,0b0,No,0b1,Yes,0b001,Land (Nothing else but land),0b0,No,0b0,No,0b00000000000000000000000000000011,0b00000000000000000000000000000011,"Cloudy data, Target not visible, covered with cloud"
,Ne2,41.16487,-96.4701,2010-03-30,h10v04,4240.0,3540.0,0.1817,0.2044,100.0,3150.0,3.0,0b0000110001001110,0b10,"Pixel produced, but most probably cloudy",0b0011,Decreasing quality,0b01,Low,0b0,No,0b0,No,0b1,Yes,0b001,Land (Nothing else but land),0b0,No,0b0,No,0b00000000000000000000000000000011,0b00000000000000000000000000000011,"Cloudy data, Target not visible, covered with cloud"
,Ne2,41.16487,-96.4701,2010-04-07,h10v04,4240.0,3540.0,0.1511,0.2096,99.0,2112.0,0.0,0b0000100001000000,0b00,VI produced with good quality,0b0000,Highest quality,0b01,Low,0b0,No,0b0,No,0b0,No,0b001,Land (Nothing else but land),0b0,No,0b0,No,0b00000000000000000000000000000000,0b00000000000000000000000000000000,"Good data, use with confidence"
,Ne2,41.16487,-96.4701,2010-04-15,h10v04,4240.0,3540.0,0.1593,0.2299,118.0,2181.0,1.0,0b0000100010000101,0b01,"VI produced, but check other QA",0b0001,Lower quality,0b10,Average,0b0,No,0b0,No,0b0,No,0b001,Land (Nothing else but land),0b0,No,0b0,No,0b00000000000000000000000000000001,0b00000000000000000000000000000001,"Marginal data, Useful, but look at other QA information"
,Ne2,41.16487,-96.4701,2010-04-23,h10v04,4240.0,3540.0,0.1639,0.2279,122.0,2112.0,0.0,0b0000100001000000,0b00,VI produced with good quality,0b0000,Highest quality,0b01,Low,0b0,No,0b0,No,0b0,No,0b001,Land (Nothing else but land),0b0,No,0b0,No,0b00000000000000000000000000000000,0b00000000000000000000000000000000,"Good data, use with confidence"
,Ne2,41.16487,-96.4701,2010-05-01,h10v04,4240.0,3540.0,0.1548,0.2157,125.0,2112.0,0.0,0b0000100001000000,0b00,VI produced with good quality,0b0000,Highest quality,0b01,Low,0b0,No,0b0,No,0b0,No,0b001,Land (Nothing else but land),0b0,No,0b0,No,0b00000000000000000000000000000000,0b00000000000000000000000000000000,"Good data, use with confidence"
,Ne2,41.16487,-96.4701,2010-05-09,h10v04,4240.0,3540.0,0.2229,0.2419,129.0,2182.0,3.0,0b0000100010000110,0b10,"Pixel produced, but most probably cloudy",0b0001,Lower quality,0b10,Average,0b0,No,0b0,No,0b0,No,0b001,Land (Nothing else but land),0b0,No,0b0,No,0b00000000000000000000000000000011,0b00000000000000000000000000000011,"Cloudy data, Target not visible, covered with cloud"
,Ne2,41.16487,-96.4701,2010-05-17,h10v04,4240.0,3540.0,0.1626,0.2199,148.0,2112.0,0.0,0b0000100001000000,0b00,VI produced with good quality,0b0000,Highest quality,0b01,Low,0b0,No,0b0,No,0b0,No,0b001,Land (Nothing else but land),0b0,No,0b0,No,0b00000000000000000000000000000000,0b00000000000000000000000000000000,"Good data, use with confidence"
,Ne2,41.16487,-96.4701,2010-05-25,h10v04,4240.0,3540.0,0.1993,0.3236,157.0,2116.0,0.0,0b0000100001000100,0b00,VI produced with good quality,0b0001,Lower quality,0b01,Low,0b0,No,0b0,No,0b0,No,0b001,Land (Nothing else but land),0b0,No,0b0,No,0b00000000000000000000000000000000,0b00000000000000000000000000000000,"Good data, use with confidence"
,Ne2,41.16487,-96.4701,2010-06-02,h10v04,4240.0,3540.0,0.2189,0.31,157.0,2112.0,0.0,0b0000100001000000,0b00,VI produced with good quality,0b0000,Highest quality,0b01,Low,0b0,No,0b0,No,0b0,No,0b001,Land (Nothing else but land),0b0,No,0b0,No,0b00000000000000000000000000000000,0b00000000000000000000000000000000,"Good data, use with confidence"
,Ne2,41.16487,-96.4701,2010-06-10,h10v04,4240.0,3540.0,0.346,0.5177,168.0,2112.0,0.0,0b0000100001000000,0b00,VI produced with good quality,0b0000,Highest quality,0b01,Low,0b0,No,0b0,No,0b0,No,0b001,Land (Nothing else but land),0b0,No,0b0,No,0b00000000000000000000000000000000,0b00000000000000000000000000000000,"Good data, use with confidence"
,Ne2,41.16487,-96.4701,2010-06-18,h10v04,4240.0,3540.0,0.43,0.6273,173.0,2112.0,0.0,0b0000100001000000,0b00,VI produced with good quality,0b0000,Highest quality,0b01,Low,0b0,No,0b0,No,0b0,No,0b001,Land (Nothing else but land),0b0,No,0b0,No,0b00000000000000000000000000000000,0b00000000000000000000000000000000,"Good data, use with confidence"
,Ne2,41.16487,-96.4701,2010-06-26,h10v04,4240.0,3540.0,0.4754,0.6665,177.0,2112.0,0.0,0b0000100001000000,0b00,VI produced with good quality,0b0000,Highest quality,0b01,Low,0b0,No,0b0,No,0b0,No,0b001,Land (Nothing else but land),0b0,No,0b0,No,0b00000000000000000000000000000000,0b00000000000000000000000000000000,"Good data, use with confidence"
,Ne2,41.16487,-96.4701,2010-07-04,h10v04,4240.0,3540.0,0.6733,0.8417,200.0,2112.0,0.0,0b0000100001000000,0b00,VI produced with good quality,0b0000,Highest quality,0b01,Low,0b0,No,0b0,No,0b0,No,0b001,Land (Nothing else but land),0b0,No,0b0,No,0b00000000000000000000000000000000,0b00000000000000000000000000000000,"Good data, use with confidence"
,Ne2,41.16487,-96.4701,2010-07-12,h10v04,4240.0,3540.0,0.7024,0.8565,195.0,2112.0,0.0,0b0000100001000000,0b00,VI produced with good quality,0b0000,Highest quality,0b01,Low,0b0,No,0b0,No,0b0,No,0b001,Land (Nothing else but land),0b0,No,0b0,No,0b00000000000000000000000000000000,0b00000000000000000000000000000000,"Good data, use with confidence"
,Ne2,41.16487,-96.4701,2010-07-20,h10v04,4240.0,3540.0,0.6994,0.8364,212.0,2112.0,0.0,0b0000100001000000,0b00,VI produced with good quality,0b0000,Highest quality,0b01,Low,0b0,No,0b0,No,0b0,No,0b001,Land (Nothing else but land),0b0,No,0b0,No,0b00000000000000000000000000000000,0b00000000000000000000000000000000,"Good data, use with confidence"
,Ne2,41.16487,-96.4701,2010-07-28,h10v04,4240.0,3540.0,0.7456,0.8666,220.0,2112.0,0.0,0b0000100001000000,0b00,VI produced with good quality,0b0000,Highest quality,0b01,Low,0b0,No,0b0,No,0b0,No,0b001,Land (Nothing else but land),0b0,No,0b0,No,0b00000000000000000000000000000000,0b00000000000000000000000000000000,"Good data, use with confidence"
,Ne2,41.16487,-96.4701,2010-08-05,h10v04,4240.0,3540.0,0.6157,0.8637,223.0,2112.0,0.0,0b0000100001000000,0b00,VI produced with good quality,0b0000,Highest quality,0b01,Low,0b0,No,0b0,No,0b0,No,0b001,Land (Nothing else but land),0b0,No,0b0,No,0b00000000000000000000000000000000,0b00000000000000000000000000000000,"Good data, use with confidence"
,Ne2,41.16487,-96.4701,2010-08-13,h10v04,4240.0,3540.0,0.6106,0.8288,234.0,2112.0,0.0,0b0000100001000000,0b00,VI produced with good quality,0b0000,Highest quality,0b01,Low,0b0,No,0b0,No,0b0,No,0b001,Land (Nothing else but land),0b0,No,0b0,No,0b00000000000000000000000000000000,0b00000000000000000000000000000000,"Good data, use with confidence"
,Ne2,41.16487,-96.4701,2010-08-21,h10v04,4240.0,3540.0,0.5989,0.8326,237.0,2112.0,0.0,0b0000100001000000,0b00,VI produced with good quality,0b0000,Highest quality,0b01,Low,0b0,No,0b0,No,0b0,No,0b001,Land (Nothing else but land),0b0,No,0b0,No,0b00000000000000000000000000000000,0b00000000000000000000000000000000,"Good data, use with confidence"
,Ne2,41.16487,-96.4701,2010-08-29,h10v04,4240.0,3540.0,0.4802,0.7442,250.0,2112.0,0.0,0b0000100001000000,0b00,VI produced with good quality,0b0000,Highest quality,0b01,Low,0b0,No,0b0,No,0b0,No,0b001,Land (Nothing else but land),0b0,No,0b0,No,0b00000000000000000000000000000000,0b00000000000000000000000000000000,"Good data, use with confidence"
,Ne2,41.16487,-96.4701,2010-09-06,h10v04,4240.0,3540.0,0.4508,0.6979,255.0,2112.0,0.0,0b0000100001000000,0b00,VI produced with good quality,0b0000,Highest quality,0b01,Low,0b0,No,0b0,No,0b0,No,0b001,Land (Nothing else but land),0b0,No,0b0,No,0b00000000000000000000000000000000,0b00000000000000000000000000000000,"Good data, use with confidence"
,Ne2,41.16487,-96.4701,2010-09-14,h10v04,4240.0,3540.0,0.2904,0.4104,257.0,2112.0,0.0,0b0000100001000000,0b00,VI produced with good quality,0b0000,Highest quality,0b01,Low,0b0,No,0b0,No,0b0,No,0b001,Land (Nothing else but land),0b0,No,0b0,No,0b00000000000000000000000000000000,0b00000000000000000000000000000000,"Good data, use with confidence"
,Ne2,41.16487,-96.4701,2010-09-22,h10v04,4240.0,3540.0,0.1739,0.2511,278.0,2112.0,0.0,0b0000100001000000,0b00,VI produced with good quality,0b0000,Highest quality,0b01,Low,0b0,No,0b0,No,0b0,No,0b001,Land (Nothing else but land),0b0,No,0b0,No,0b00000000000000000000000000000000,0b00000000000000000000000000000000,"Good data, use with confidence"
,Ne2,41.16487,-96.4701,2010-09-30,h10v04,4240.0,3540.0,0.1618,0.2425,273.0,2112.0,0.0,0b0000100001000000,0b00,VI produced with good quality,0b0000,Highest quality,0b01,Low,0b0,No,0b0,No,0b0,No,0b001,Land (Nothing else but land),0b0,No,0b0,No,0b00000000000000000000000000000000,0b00000000000000000000000000000000,"Good data, use with confidence"
,Ne2,41.16487,-96.4701,2010-10-08,h10v04,4240.0,3540.0,0.1658,0.2473,287.0,2112.0,0.0,0b0000100001000000,0b00,VI produced with good quality,0b0000,Highest quality,0b01,Low,0b0,No,0b0,No,0b0,No,0b001,Land (Nothing else but land),0b0,No,0b0,No,0b00000000000000000000000000000000,0b00000000000000000000000000000000,"Good data, use with confidence"
,Ne2,41.16487,-96.4701,2010-10-16,h10v04,4240.0,3540.0,0.1672,0.2394,289.0,2112.0,0.0,0b0000100001000000,0b00,VI produced with good quality,0b0000,Highest quality,0b01,Low,0b0,No,0b0,No,0b0,No,0b001,Land (Nothing else but land),0b0,No,0b0,No,0b00000000000000000000000000000000,0b00000000000000000000000000000000,"Good data, use with confidence"
,Ne2,41.16487,-96.4701,2010-10-24,h10v04,4240.0,3540.0,0.126,0.2674,301.0,2112.0,0.0,0b0000100001000000,0b00,VI produced with good quality,0b0000,Highest quality,0b01,Low,0b0,No,0b0,No,0b0,No,0b001,Land (Nothing else but land),0b0,No,0b0,No,0b00000000000000000000000000000000,0b00000000000000000000000000000000,"Good data, use with confidence"
,Ne2,41.16487,-96.4701,2010-11-01,h10v04,4240.0,3540.0,0.1155,0.2348,307.0,2112.0,0.0,0b0000100001000000,0b00,VI produced with good quality,0b0000,Highest quality,0b01,Low,0b0,No,0b0,No,0b0,No,0b001,Land (Nothing else but land),0b0,No,0b0,No,0b00000000000000000000000000000000,0b00000000000000000000000000000000,"Good data, use with confidence"
,Ne2,41.16487,-96.4701,2010-11-09,h10v04,4240.0,3540.0,0.101,0.2101,317.0,2116.0,0.0,0b0000100001000100,0b00,VI produced with good quality,0b0001,Lower quality,0b01,Low,0b0,No,0b0,No,0b0,No,0b001,Land (Nothing else but land),0b0,No,0b0,No,0b00000000000000000000000000000000,0b00000000000000000000000000000000,"Good data, use with confidence"
,Ne2,41.16487,-96.4701,2010-11-17,h10v04,4240.0,3540.0,0.1055,0.2431,330.0,2116.0,0.0,0b0000100001000100,0b00,VI produced with good quality,0b0001,Lower quality,0b01,Low,0b0,No,0b0,No,0b0,No,0b001,Land (Nothing else but land),0b0,No,0b0,No,0b00000000000000000000000000000000,0b00000000000000000000000000000000,"Good data, use with confidence"
,Ne2,41.16487,-96.4701,2010-11-25,h10v04,4240.0,3540.0,0.1004,0.2322,335.0,2116.0,0.0,0b0000100001000100,0b00,VI produced with good quality,0b0001,Lower quality,0b01,Low,0b0,No,0b0,No,0b0,No,0b001,Land (Nothing else but land),0b0,No,0b0,No,0b00000000000000000000000000000000,0b00000000000000000000000000000000,"Good data, use with confidence"
,Ne2,41.16487,-96.4701,2010-12-03,h10v04,4240.0,3540.0,0.1275,0.2572,339.0,2185.0,1.0,0b0000100010001001,0b01,"VI produced, but check other QA",0b0010,Decreasing quality,0b10,Average,0b0,No,0b0,No,0b0,No,0b001,Land (Nothing else but land),0b0,No,0b0,No,0b00000000000000000000000000000001,0b00000000000000000000000000000001,"Marginal data, Useful, but look at other QA information"
,Ne2,41.16487,-96.4701,2010-12-11,h10v04,4240.0,3540.0,0.0973,0.1655,348.0,3298.0,3.0,0b0000110011100010,0b10,"Pixel produced, but most probably cloudy",0b1000,Decreasing quality,0b11,High,0b0,No,0b0,No,0b1,Yes,0b001,Land (Nothing else but land),0b0,No,0b0,No,0b00000000000000000000000000000011,0b00000000000000000000000000000011,"Cloudy data, Target not visible, covered with cloud"
,Ne2,41.16487,-96.4701,2010-12-19,h10v04,4240.0,3540.0,0.108,0.2229,364.0,2120.0,0.0,0b0000100001001000,0b00,VI produced with good quality,0b0010,Decreasing quality,0b01,Low,0b0,No,0b0,No,0b0,No,0b001,Land (Nothing else but land),0b0,No,0b0,No,0b00000000000000000000000000000000,0b00000000000000000000000000000000,"Good data, use with confidence"
,Ne2,41.16487,-96.4701,2010-12-27,h10v04,4240.0,3540.0,0.1005,0.2189,6.0,2124.0,1.0,0b0000100001001100,0b00,VI produced with good quality,0b0011,Decreasing quality,0b01,Low,0b0,No,0b0,No,0b0,No,0b001,Land (Nothing else but land),0b0,No,0b0,No,0b00000000000000000000000000000001,0b00000000000000000000000000000001,"Marginal data, Useful, but look at other QA information"
,Ne2,41.16487,-96.4701,2011-01-01,h10v04,4240.0,3540.0,0.1048,0.1973,6.0,2445.0,1.0,0b0000100110001101,0b01,"VI produced, but check other QA",0b0011,Decreasing quality,0b10,Average,0b1,Yes,0b0,No,0b0,No,0b001,Land (Nothing else but land),0b0,No,0b0,No,0b00000000000000000000000000000001,0b00000000000000000000000000000001,"Marginal data, Useful, but look at other QA information"
,Ne2,41.16487,-96.4701,2011-01-09,h10v04,4240.0,3540.0,-0.0328,-0.0209,11.0,18449.0,2.0,0b0100100000010001,0b01,"VI produced, but check other QA",0b0100,Decreasing quality,0b00,Climatology,0b0,No,0b0,No,0b0,No,0b001,Land (Nothing else but land),0b1,Yes,0b0,No,0b00000000000000000000000000000010,0b00000000000000000000000000000010,Snow/Ice Target covered with snow/ice
,Ne2,41.16487,-96.4701,2011-01-17,h10v04,4240.0,3540.0,-0.0556,-0.0351,27.0,18449.0,2.0,0b0100100000010001,0b01,"VI produced, but check other QA",0b0100,Decreasing quality,0b00,Climatology,0b0,No,0b0,No,0b0,No,0b001,Land (Nothing else but land),0b1,Yes,0b0,No,0b00000000000000000000000000000010,0b00000000000000000000000000000010,Snow/Ice Target covered with snow/ice
,Ne2,41.16487,-96.4701,2011-01-25,h10v04,4240.0,3540.0,-0.0478,-0.0303,34.0,18445.0,2.0,0b0100100000001101,0b01,"VI produced, but check other QA",0b0011,Decreasing quality,0b00,Climatology,0b0,No,0b0,No,0b0,No,0b001,Land (Nothing else but land),0b1,Yes,0b0,No,0b00000000000000000000000000000010,0b00000000000000000000000000000010,Snow/Ice Target covered with snow/ice
,Ne2,41.16487,-96.4701,2011-02-02,h10v04,4240.0,3540.0,0.0825,0.2157,48.0,2116.0,0.0,0b0000100001000100,0b00,VI produced with good quality,0b0001,Lower quality,0b01,Low,0b0,No,0b0,No,0b0,No,0b001,Land (Nothing else but land),0b0,No,0b0,No,0b00000000000000000000000000000000,0b00000000000000000000000000000000,"Good data, use with confidence"
,Ne2,41.16487,-96.4701,2011-02-10,h10v04,4240.0,3540.0,0.083,0.2369,48.0,2112.0,0.0,0b0000100001000000,0b00,VI produced with good quality,0b0000,Highest quality,0b01,Low,0b0,No,0b0,No,0b0,No,0b001,Land (Nothing else but land),0b0,No,0b0,No,0b00000000000000000000000000000000,0b00000000000000000000000000000000,"Good data, use with confidence"
,Ne2,41.16487,-96.4701,2011-02-18,h10v04,4240.0,3540.0,0.1006,0.2386,61.0,2112.0,0.0,0b0000100001000000,0b00,VI produced with good quality,0b0000,Highest quality,0b01,Low,0b0,No,0b0,No,0b0,No,0b001,Land (Nothing else but land),0b0,No,0b0,No,0b00000000000000000000000000000000,0b00000000000000000000000000000000,"Good data, use with confidence"
,Ne2,41.16487,-96.4701,2011-02-26,h10v04,4240.0,3540.0,0.1086,0.2381,64.0,2112.0,0.0,0b0000100001000000,0b00,VI produced with good quality,0b0000,Highest quality,0b01,Low,0b0,No,0b0,No,0b0,No,0b001,Land (Nothing else but land),0b0,No,0b0,No,0b00000000000000000000000000000000,0b00000000000000000000000000000000,"Good data, use with confidence"
,Ne2,41.16487,-96.4701,2011-03-06,h10v04,4240.0,3540.0,0.1156,0.2345,70.0,2112.0,0.0,0b0000100001000000,0b00,VI produced with good quality,0b0000,Highest quality,0b01,Low,0b0,No,0b0,No,0b0,No,0b001,Land (Nothing else but land),0b0,No,0b0,No,0b00000000000000000000000000000000,0b00000000000000000000000000000000,"Good data, use with confidence"
,Ne2,41.16487,-96.4701,2011-03-14,h10v04,4240.0,3540.0,0.1097,0.2379,73.0,2112.0,0.0,0b0000100001000000,0b00,VI produced with good quality,0b0000,Highest quality,0b01,Low,0b0,No,0b0,No,0b0,No,0b001,Land (Nothing else but land),0b0,No,0b0,No,0b00000000000000000000000000000000,0b00000000000000000000000000000000,"Good data, use with confidence"
,Ne2,41.16487,-96.4701,2011-03-22,h10v04,4240.0,3540.0,0.1287,0.2488,93.0,2181.0,1.0,0b0000100010000101,0b01,"VI produced, but check other QA",0b0001,Lower quality,0b10,Average,0b0,No,0b0,No,0b0,No,0b001,Land (Nothing else but land),0b0,No,0b0,No,0b00000000000000000000000000000001,0b00000000000000000000000000000001,"Marginal data, Useful, but look at other QA information"
,Ne2,41.16487,-96.4701,2011-03-30,h10v04,4240.0,3540.0,0.1243,0.2468,96.0,2112.0,0.0,0b0000100001000000,0b00,VI produced with good quality,0b0000,Highest quality,0b01,Low,0b0,No,0b0,No,0b0,No,0b001,Land (Nothing else but land),0b0,No,0b0,No,0b00000000000000000000000000000000,0b00000000000000000000000000000000,"Good data, use with confidence"
,Ne2,41.16487,-96.4701,2011-04-07,h10v04,4240.0,3540.0,0.141,0.2543,102.0,2112.0,0.0,0b0000100001000000,0b00,VI produced with good quality,0b0000,Highest quality,0b01,Low,0b0,No,0b0,No,0b0,No,0b001,Land (Nothing else but land),0b0,No,0b0,No,0b00000000000000000000000000000000,0b00000000000000000000000000000000,"Good data, use with confidence"
,Ne2,41.16487,-96.4701,2011-04-15,h10v04,4240.0,3540.0,0.1668,0.3294,120.0,2116.0,1.0,0b0000100001000100,0b00,VI produced with good quality,0b0001,Lower quality,0b01,Low,0b0,No,0b0,No,0b0,No,0b001,Land (Nothing else but land),0b0,No,0b0,No,0b00000000000000000000000000000001,0b00000000000000000000000000000001,"Marginal data, Useful, but look at other QA information"
,Ne2,41.16487,-96.4701,2011-04-23,h10v04,4240.0,3540.0,0.1394,0.2451,123.0,2112.0,0.0,0b0000100001000000,0b00,VI produced with good quality,0b0000,Highest quality,0b01,Low,0b0,No,0b0,No,0b0,No,0b001,Land (Nothing else but land),0b0,No,0b0,No,0b00000000000000000000000000000000,0b00000000000000000000000000000000,"Good data, use with confidence"
,Ne2,41.16487,-96.4701,2011-05-01,h10v04,4240.0,3540.0,0.1386,0.2488,123.0,2112.0,0.0,0b0000100001000000,0b00,VI produced with good quality,0b0000,Highest quality,0b01,Low,0b0,No,0b0,No,0b0,No,0b001,Land (Nothing else but land),0b0,No,0b0,No,0b00000000000000000000000000000000,0b00000000000000000000000000000000,"Good data, use with confidence"
,Ne2,41.16487,-96.4701,2011-05-09,h10v04,4240.0,3540.0,0.1644,0.2494,143.0,2112.0,0.0,0b0000100001000000,0b00,VI produced with good quality,0b0000,Highest quality,0b01,Low,0b0,No,0b0,No,0b0,No,0b001,Land (Nothing else but land),0b0,No,0b0,No,0b00000000000000000000000000000000,0b00000000000000000000000000000000,"Good data, use with confidence"
,Ne2,41.16487,-96.4701,2011-05-17,h10v04,4240.0,3540.0,0.1583,0.257,151.0,2112.0,0.0,0b0000100001000000,0b00,VI produced with good quality,0b0000,Highest quality,0b01,Low,0b0,No,0b0,No,0b0,No,0b001,Land (Nothing else but land),0b0,No,0b0,No,0b00000000000000000000000000000000,0b00000000000000000000000000000000,"Good data, use with confidence"
,Ne2,41.16487,-96.4701,2011-05-25,h10v04,4240.0,3540.0,0.1814,0.2852,150.0,2181.0,1.0,0b0000100010000101,0b01,"VI produced, but check other QA",0b0001,Lower quality,0b10,Average,0b0,No,0b0,No,0b0,No,0b001,Land (Nothing else but land),0b0,No,0b0,No,0b00000000000000000000000000000001,0b00000000000000000000000000000001,"Marginal data, Useful, but look at other QA information"
,Ne2,41.16487,-96.4701,2011-06-02,h10v04,4240.0,3540.0,0.2106,0.3371,153.0,2253.0,1.0,0b0000100011001101,0b01,"VI produced, but check other QA",0b0011,Decreasing quality,0b11,High,0b0,No,0b0,No,0b0,No,0b001,Land (Nothing else but land),0b0,No,0b0,No,0b00000000000000000000000000000001,0b00000000000000000000000000000001,"Marginal data, Useful, but look at other QA information"
,Ne2,41.16487,-96.4701,2011-06-10,h10v04,4240.0,3540.0,0.2281,0.3138,162.0,3218.0,3.0,0b0000110010010010,0b10,"Pixel produced, but most probably cloudy",0b0100,Decreasing quality,0b10,Average,0b0,No,0b0,No,0b1,Yes,0b001,Land (Nothing else but land),0b0,No,0b0,No,0b00000000000000000000000000000011,0b00000000000000000000000000000011,"Cloudy data, Target not visible, covered with cloud"
,Ne2,41.16487,-96.4701,2011-06-18,h10v04,4240.0,3540.0,0.2283,0.4685,169.0,2112.0,0.0,0b0000100001000000,0b00,VI produced with good quality,0b0000,Highest quality,0b01,Low,0b0,No,0b0,No,0b0,No,0b001,Land (Nothing else but land),0b0,No,0b0,No,0b00000000000000000000000000000000,0b00000000000000000000000000000000,"Good data, use with confidence"
,Ne2,41.16487,-96.4701,2011-06-26,h10v04,4240.0,3540.0,0.6721,0.8635,189.0,2112.0,0.0,0b0000100001000000,0b00,VI produced with good quality,0b0000,Highest quality,0b01,Low,0b0,No,0b0,No,0b0,No,0b001,Land (Nothing else but land),0b0,No,0b0,No,0b00000000000000000000000000000000,0b00000000000000000000000000000000,"Good data, use with confidence"
,Ne2,41.16487,-96.4701,2011-07-04,h10v04,4240.0,3540.0,0.5527,0.8147,185.0,2112.0,0.0,0b0000100001000000,0b00,VI produced with good quality,0b0000,Highest quality,0b01,Low,0b0,No,0b0,No,0b0,No,0b001,Land (Nothing else but land),0b0,No,0b0,No,0b00000000000000000000000000000000,0b00000000000000000000000000000000,"Good data, use with confidence"
,Ne2,41.16487,-96.4701,2011-07-12,h10v04,4240.0,3540.0,0.7924,0.8845,207.0,2112.0,0.0,0b0000100001000000,0b00,VI produced with good quality,0b0000,Highest quality,0b01,Low,0b0,No,0b0,No,0b0,No,0b001,Land (Nothing else but land),0b0,No,0b0,No,0b00000000000000000000000000000000,0b00000000000000000000000000000000,"Good data, use with confidence"
,Ne2,41.16487,-96.4701,2011-07-20,h10v04,4240.0,3540.0,0.7542,0.8972,201.0,2112.0,0.0,0b0000100001000000,0b00,VI produced with good quality,0b0000,Highest quality,0b01,Low,0b0,No,0b0,No,0b0,No,0b001,Land (Nothing else but land),0b0,No,0b0,No,0b00000000000000000000000000000000,0b00000000000000000000000000000000,"Good data, use with confidence"
,Ne2,41.16487,-96.4701,2011-07-28,h10v04,4240.0,3540.0,0.6943,0.9092,221.0,2112.0,0.0,0b0000100001000000,0b00,VI produced with good quality,0b0000,Highest quality,0b01,Low,0b0,No,0b0,No,0b0,No,0b001,Land (Nothing else but land),0b0,No,0b0,No,0b00000000000000000000000000000000,0b00000000000000000000000000000000,"Good data, use with confidence"
,Ne2,41.16487,-96.4701,2011-08-05,h10v04,4240.0,3540.0,0.6951,0.9016,224.0,2112.0,0.0,0b0000100001000000,0b00,VI produced with good quality,0b0000,Highest quality,0b01,Low,0b0,No,0b0,No,0b0,No,0b001,Land (Nothing else but land),0b0,No,0b0,No,0b00000000000000000000000000000000,0b00000000000000000000000000000000,"Good data, use with confidence"
,Ne2,41.16487,-96.4701,2011-08-13,h10v04,4240.0,3540.0,0.6493,0.8779,237.0,2112.0,0.0,0b0000100001000000,0b00,VI produced with good quality,0b0000,Highest quality,0b01,Low,0b0,No,0b0,No,0b0,No,0b001,Land (Nothing else but land),0b0,No,0b0,No,0b00000000000000000000000000000000,0b00000000000000000000000000000000,"Good data, use with confidence"
,Ne2,41.16487,-96.4701,2011-08-21,h10v04,4240.0,3540.0,0.7025,0.8626,240.0,2112.0,0.0,0b0000100001000000,0b00,VI produced with good quality,0b0000,Highest quality,0b01,Low,0b0,No,0b0,No,0b0,No,0b001,Land (Nothing else but land),0b0,No,0b0,No,0b00000000000000000000000000000000,0b00000000000000000000000000000000,"Good data, use with confidence"
,Ne2,41.16487,-96.4701,2011-08-29,h10v04,4240.0,3540.0,0.5734,0.8249,253.0,2112.0,0.0,0b0000100001000000,0b00,VI produced with good quality,0b0000,Highest quality,0b01,Low,0b0,No,0b0,No,0b0,No,0b001,Land (Nothing else but land),0b0,No,0b0,No,0b00000000000000000000000000000000,0b00000000000000000000000000000000,"Good data, use with confidence"
,Ne2,41.16487,-96.4701,2011-09-06,h10v04,4240.0,3540.0,0.5906,0.856,249.0,2112.0,0.0,0b0000100001000000,0b00,VI produced with good quality,0b0000,Highest quality,0b01,Low,0b0,No,0b0,No,0b0,No,0b001,Land (Nothing else but land),0b0,No,0b0,No,0b00000000000000000000000000000000,0b00000000000000000000000000000000,"Good data, use with confidence"
,Ne2,41.16487,-96.4701,2011-09-14,h10v04,4240.0,3540.0,0.4422,0.7081,269.0,2112.0,0.0,0b0000100001000000,0b00,VI produced with good quality,0b0000,Highest quality,0b01,Low,0b0,No,0b0,No,0b0,No,0b001,Land (Nothing else but land),0b0,No,0b0,No,0b00000000000000000000000000000000,0b00000000000000000000000000000000,"Good data, use with confidence"
,Ne2,41.16487,-96.4701,2011-09-22,h10v04,4240.0,3540.0,0.372,0.6259,272.0,2112.0,0.0,0b0000100001000000,0b00,VI produced with good quality,0b0000,Highest quality,0b01,Low,0b0,No,0b0,No,0b0,No,0b001,Land (Nothing else but land),0b0,No,0b0,No,0b00000000000000000000000000000000,0b00000000000000000000000000000000,"Good data, use with confidence"
,Ne2,41.16487,-96.4701,2011-09-30,h10v04,4240.0,3540.0,0.353,0.605,276.0,2112.0,0.0,0b0000100001000000,0b00,VI produced with good quality,0b0000,Highest quality,0b01,Low,0b0,No,0b0,No,0b0,No,0b001,Land (Nothing else but land),0b0,No,0b0,No,0b00000000000000000000000000000000,0b00000000000000000000000000000000,"Good data, use with confidence"
,Ne2,41.16487,-96.4701,2011-10-08,h10v04,4240.0,3540.0,0.2156,0.4146,288.0,2112.0,0.0,0b0000100001000000,0b00,VI produced with good quality,0b0000,Highest quality,0b01,Low,0b0,No,0b0,No,0b0,No,0b001,Land (Nothing else but land),0b0,No,0b0,No,0b00000000000000000000000000000000,0b00000000000000000000000000000000,"Good data, use with confidence"
,Ne2,41.16487,-96.4701,2011-10-16,h10v04,4240.0,3540.0,0.206,0.392,292.0,2112.0,0.0,0b0000100001000000,0b00,VI produced with good quality,0b0000,Highest quality,0b01,Low,0b0,No,0b0,No,0b0,No,0b001,Land (Nothing else but land),0b0,No,0b0,No,0b00000000000000000000000000000000,0b00000000000000000000000000000000,"Good data, use with confidence"
,Ne2,41.16487,-96.4701,2011-10-24,h10v04,4240.0,3540.0,0.2837,0.3189,304.0,2114.0,3.0,0b0000100001000010,0b10,"Pixel produced, but most probably cloudy",0b0000,Highest quality,0b01,Low,0b0,No,0b0,No,0b0,No,0b001,Land (Nothing else but land),0b0,No,0b0,No,0b00000000000000000000000000000011,0b00000000000000000000000000000011,"Cloudy data, Target not visible, covered with cloud"
,Ne2,41.16487,-96.4701,2011-11-01,h10v04,4240.0,3540.0,0.2632,0.2834,310.0,3150.0,3.0,0b0000110001001110,0b10,"Pixel produced, but most probably cloudy",0b0011,Decreasing quality,0b01,Low,0b0,No,0b0,No,0b1,Yes,0b001,Land (Nothing else but land),0b0,No,0b0,No,0b00000000000000000000000000000011,0b00000000000000000000000000000011,"Cloudy data, Target not visible, covered with cloud"
,Ne2,41.16487,-96.4701,2011-11-09,h10v04,4240.0,3540.0,0.2342,0.269,313.0,3154.0,3.0,0b0000110001010010,0b10,"Pixel produced, but most probably cloudy",0b0100,Decreasing quality,0b01,Low,0b0,No,0b0,No,0b1,Yes,0b001,Land (Nothing else but land),0b0,No,0b0,No,0b00000000000000000000000000000011,0b00000000000000000000000000000011,"Cloudy data, Target not visible, covered with cloud"
,Ne2,41.16487,-96.4701,2011-11-17,h10v04,4240.0,3540.0,0.1346,0.2465,333.0,2116.0,0.0,0b0000100001000100,0b00,VI produced with good quality,0b0001,Lower quality,0b01,Low,0b0,No,0b0,No,0b0,No,0b001,Land (Nothing else but land),0b0,No,0b0,No,0b00000000000000000000000000000000,0b00000000000000000000000000000000,"Good data, use with confidence"
,Ne2,41.16487,-96.4701,2011-11-25,h10v04,4240.0,3540.0,0.0001,0.0001,344.0,18453.0,2.0,0b0100100000010101,0b01,"VI produced, but check other QA",0b0101,Decreasing quality,0b00,Climatology,0b0,No,0b0,No,0b0,No,0b001,Land (Nothing else but land),0b1,Yes,0b0,No,0b00000000000000000000000000000010,0b00000000000000000000000000000010,Snow/Ice Target covered with snow/ice
,Ne2,41.16487,-96.4701,2011-12-03,h10v04,4240.0,3540.0,0.0998,0.2339,351.0,2116.0,0.0,0b0000100001000100,0b00,VI produced with good quality,0b0001,Lower quality,0b01,Low,0b0,No,0b0,No,0b0,No,0b001,Land (Nothing else but land),0b0,No,0b0,No,0b00000000000000000000000000000000,0b00000000000000000000000000000000,"Good data, use with confidence"
,Ne2,41.16487,-96.4701,2011-12-11,h10v04,4240.0,3540.0,0.1041,0.2279,359.0,2116.0,0.0,0b0000100001000100,0b00,VI produced with good quality,0b0001,Lower quality,0b01,Low,0b0,No,0b0,No,0b0,No,0b001,Land (Nothing else but land),0b0,No,0b0,No,0b00000000000000000000000000000000,0b00000000000000000000000000000000,"Good data, use with confidence"
,Ne2,41.16487,-96.4701,2011-12-19,h10v04,4240.0,3540.0,0.11,0.231,358.0,2120.0,0.0,0b0000100001001000,0b00,VI produced with good quality,0b0010,Decreasing quality,0b01,Low,0b0,No,0b0,No,0b0,No,0b001,Land (Nothing else but land),0b0,No,0b0,No,0b00000000000000000000000000000000,0b00000000000000000000000000000000,"Good data, use with confidence"
,Ne2,41.16487,-96.4701,2011-12-27,h10v04,4240.0,3540.0,0.1017,0.2176,5.0,2120.0,0.0,0b0000100001001000,0b00,VI produced with good quality,0b0010,Decreasing quality,0b01,Low,0b0,No,0b0,No,0b0,No,0b001,Land (Nothing else but land),0b0,No,0b0,No,0b00000000000000000000000000000000,0b00000000000000000000000000000000,"Good data, use with confidence"
,Ne2,41.16487,-96.4701,2012-01-01,h10v04,4240.0,3540.0,0.1196,0.2291,16.0,2116.0,0.0,0b0000100001000100,0b00,VI produced with good quality,0b0001,Lower quality,0b01,Low,0b0,No,0b0,No,0b0,No,0b001,Land (Nothing else but land),0b0,No,0b0,No,0b00000000000000000000000000000000,0b00000000000000000000000000000000,"Good data, use with confidence"
,Ne2,41.16487,-96.4701,2012-01-09,h10v04,4240.0,3540.0,0.115,0.2195,19.0,2116.0,0.0,0b0000100001000100,0b00,VI produced with good quality,0b0001,Lower quality,0b01,Low,0b0,No,0b0,No,0b0,No,0b001,Land (Nothing else but land),0b0,No,0b0,No,0b00000000000000000000000000000000,0b00000000000000000000000000000000,"Good data, use with confidence"
,Ne2,41.16487,-96.4701,2012-01-17,h10v04,4240.0,3540.0,0.1015,0.2145,30.0,2116.0,0.0,0b0000100001000100,0b00,VI produced with good quality,0b0001,Lower quality,0b01,Low,0b0,No,0b0,No,0b0,No,0b001,Land (Nothing else but land),0b0,No,0b0,No,0b00000000000000000000000000000000,0b00000000000000000000000000000000,"Good data, use with confidence"
,Ne2,41.16487,-96.4701,2012-01-25,h10v04,4240.0,3540.0,0.1124,0.2253,28.0,2116.0,0.0,0b0000100001000100,0b00,VI produced with good quality,0b0001,Lower quality,0b01,Low,0b0,No,0b0,No,0b0,No,0b001,Land (Nothing else but land),0b0,No,0b0,No,0b00000000000000000000000000000000,0b00000000000000000000000000000000,"Good data, use with confidence"
,Ne2,41.16487,-96.4701,2012-02-02,h10v04,4240.0,3540.0,0.0178,0.0191,48.0,18445.0,2.0,0b0100100000001101,0b01,"VI produced, but check other QA",0b0011,Decreasing quality,0b00,Climatology,0b0,No,0b0,No,0b0,No,0b001,Land (Nothing else but land),0b1,Yes,0b0,No,0b00000000000000000000000000000010,0b00000000000000000000000000000010,Snow/Ice Target covered with snow/ice
,Ne2,41.16487,-96.4701,2012-02-10,h10v04,4240.0,3540.0,0.1144,0.2164,56.0,2112.0,0.0,0b0000100001000000,0b00,VI produced with good quality,0b0000,Highest quality,0b01,Low,0b0,No,0b0,No,0b0,No,0b001,Land (Nothing else but land),0b0,No,0b0,No,0b00000000000000000000000000000000,0b00000000000000000000000000000000,"Good data, use with confidence"
,Ne2,41.16487,-96.4701,2012-02-18,h10v04,4240.0,3540.0,0.0748,0.1729,55.0,2112.0,0.0,0b0000100001000000,0b00,VI produced with good quality,0b0000,Highest quality,0b01,Low,0b0,No,0b0,No,0b0,No,0b001,Land (Nothing else but land),0b0,No,0b0,No,0b00000000000000000000000000000000,0b00000000000000000000000000000000,"Good data, use with confidence"
,Ne2,41.16487,-96.4701,2012-02-26,h10v04,4240.0,3540.0,0.1152,0.2218,58.0,2112.0,0.0,0b0000100001000000,0b00,VI produced with good quality,0b0000,Highest quality,0b01,Low,0b0,No,0b0,No,0b0,No,0b001,Land (Nothing else but land),0b0,No,0b0,No,0b00000000000000000000000000000000,0b00000000000000000000000000000000,"Good data, use with confidence"
,Ne2,41.16487,-96.4701,2012-03-05,h10v04,4240.0,3540.0,0.1257,0.2291,73.0,2112.0,0.0,0b0000100001000000,0b00,VI produced with good quality,0b0000,Highest quality,0b01,Low,0b0,No,0b0,No,0b0,No,0b001,Land (Nothing else but land),0b0,No,0b0,No,0b00000000000000000000000000000000,0b00000000000000000000000000000000,"Good data, use with confidence"
,Ne2,41.16487,-96.4701,2012-03-13,h10v04,4240.0,3540.0,0.1266,0.246,83.0,2112.0,0.0,0b0000100001000000,0b00,VI produced with good quality,0b0000,Highest quality,0b01,Low,0b0,No,0b0,No,0b0,No,0b001,Land (Nothing else but land),0b0,No,0b0,No,0b00000000000000000000000000000000,0b00000000000000000000000000000000,"Good data, use with confidence"
,Ne2,41.16487,-96.4701,2012-03-21,h10v04,4240.0,3540.0,0.1278,0.2426,87.0,2112.0,0.0,0b0000100001000000,0b00,VI produced with good quality,0b0000,Highest quality,0b01,Low,0b0,No,0b0,No,0b0,No,0b001,Land (Nothing else but land),0b0,No,0b0,No,0b00000000000000000000000000000000,0b00000000000000000000000000000000,"Good data, use with confidence"
,Ne2,41.16487,-96.4701,2012-03-29,h10v04,4240.0,3540.0,0.1416,0.2496,99.0,2112.0,0.0,0b0000100001000000,0b00,VI produced with good quality,0b0000,Highest quality,0b01,Low,0b0,No,0b0,No,0b0,No,0b001,Land (Nothing else but land),0b0,No,0b0,No,0b00000000000000000000000000000000,0b00000000000000000000000000000000,"Good data, use with confidence"
,Ne2,41.16487,-96.4701,2012-04-06,h10v04,4240.0,3540.0,0.1557,0.2591,112.0,2112.0,0.0,0b0000100001000000,0b00,VI produced with good quality,0b0000,Highest quality,0b01,Low,0b0,No,0b0,No,0b0,No,0b001,Land (Nothing else but land),0b0,No,0b0,No,0b00000000000000000000000000000000,0b00000000000000000000000000000000,"Good data, use with confidence"
,Ne2,41.16487,-96.4701,2012-04-14,h10v04,4240.0,3540.0,0.1471,0.255,108.0,2112.0,0.0,0b0000100001000000,0b00,VI produced with good quality,0b0000,Highest quality,0b01,Low,0b0,No,0b0,No,0b0,No,0b001,Land (Nothing else but land),0b0,No,0b0,No,0b00000000000000000000000000000000,0b00000000000000000000000000000000,"Good data, use with confidence"
,Ne2,41.16487,-96.4701,2012-04-22,h10v04,4240.0,3540.0,0.1376,0.2978,121.0,2112.0,0.0,0b0000100001000000,0b00,VI produced with good quality,0b0000,Highest quality,0b01,Low,0b0,No,0b0,No,0b0,No,0b001,Land (Nothing else but land),0b0,No,0b0,No,0b00000000000000000000000000000000,0b00000000000000000000000000000000,"Good data, use with confidence"
,Ne2,41.16487,-96.4701,2012-04-30,h10v04,4240.0,3540.0,0.1648,0.2469,131.0,2112.0,0.0,0b0000100001000000,0b00,VI produced with good quality,0b0000,Highest quality,0b01,Low,0b0,No,0b0,No,0b0,No,0b001,Land (Nothing else but land),0b0,No,0b0,No,0b00000000000000000000000000000000,0b00000000000000000000000000000000,"Good data, use with confidence"
,Ne2,41.16487,-96.4701,2012-05-08,h10v04,4240.0,3540.0,0.1841,0.2657,137.0,2112.0,0.0,0b0000100001000000,0b00,VI produced with good quality,0b0000,Highest quality,0b01,Low,0b0,No,0b0,No,0b0,No,0b001,Land (Nothing else but land),0b0,No,0b0,No,0b00000000000000000000000000000000,0b00000000000000000000000000000000,"Good data, use with confidence"
,Ne2,41.16487,-96.4701,2012-05-16,h10v04,4240.0,3540.0,0.1918,0.2709,138.0,2112.0,0.0,0b0000100001000000,0b00,VI produced with good quality,0b0000,Highest quality,0b01,Low,0b0,No,0b0,No,0b0,No,0b001,Land (Nothing else but land),0b0,No,0b0,No,0b00000000000000000000000000000000,0b00000000000000000000000000000000,"Good data, use with confidence"
,Ne2,41.16487,-96.4701,2012-05-24,h10v04,4240.0,3540.0,0.2534,0.4768,149.0,2112.0,0.0,0b0000100001000000,0b00,VI produced with good quality,0b0000,Highest quality,0b01,Low,0b0,No,0b0,No,0b0,No,0b001,Land (Nothing else but land),0b0,No,0b0,No,0b00000000000000000000000000000000,0b00000000000000000000000000000000,"Good data, use with confidence"
,Ne2,41.16487,-96.4701,2012-06-01,h10v04,4240.0,3540.0,0.5242,0.7142,163.0,2112.0,0.0,0b0000100001000000,0b00,VI produced with good quality,0b0000,Highest quality,0b01,Low,0b0,No,0b0,No,0b0,No,0b001,Land (Nothing else but land),0b0,No,0b0,No,0b00000000000000000000000000000000,0b00000000000000000000000000000000,"Good data, use with confidence"
,Ne2,41.16487,-96.4701,2012-06-09,h10v04,4240.0,3540.0,0.5989,0.7346,164.0,2116.0,0.0,0b0000100001000100,0b00,VI produced with good quality,0b0001,Lower quality,0b01,Low,0b0,No,0b0,No,0b0,No,0b001,Land (Nothing else but land),0b0,No,0b0,No,0b00000000000000000000000000000000,0b00000000000000000000000000000000,"Good data, use with confidence"
,Ne2,41.16487,-96.4701,2012-06-17,h10v04,4240.0,3540.0,0.721,0.878,179.0,2116.0,0.0,0b0000100001000100,0b00,VI produced with good quality,0b0001,Lower quality,0b01,Low,0b0,No,0b0,No,0b0,No,0b001,Land (Nothing else but land),0b0,No,0b0,No,0b00000000000000000000000000000000,0b00000000000000000000000000000000,"Good data, use with confidence"
,Ne2,41.16487,-96.4701,2012-06-25,h10v04,4240.0,3540.0,0.6929,0.8922,192.0,2112.0,0.0,0b0000100001000000,0b00,VI produced with good quality,0b0000,Highest quality,0b01,Low,0b0,No,0b0,No,0b0,No,0b001,Land (Nothing else but land),0b0,No,0b0,No,0b00000000000000000000000000000000,0b00000000000000000000000000000000,"Good data, use with confidence"
,Ne2,41.16487,-96.4701,2012-07-03,h10v04,4240.0,3540.0,0.6759,0.8493,195.0,2112.0,0.0,0b0000100001000000,0b00,VI produced with good quality,0b0000,Highest quality,0b01,Low,0b0,No,0b0,No,0b0,No,0b001,Land (Nothing else but land),0b0,No,0b0,No,0b00000000000000000000000000000000,0b00000000000000000000000000000000,"Good data, use with confidence"
,Ne2,41.16487,-96.4701,2012-07-11,h10v04,4240.0,3540.0,0.6386,0.8331,208.0,2112.0,0.0,0b0000100001000000,0b00,VI produced with good quality,0b0000,Highest quality,0b01,Low,0b0,No,0b0,No,0b0,No,0b001,Land (Nothing else but land),0b0,No,0b0,No,0b00000000000000000000000000000000,0b00000000000000000000000000000000,"Good data, use with confidence"
,Ne2,41.16487,-96.4701,2012-07-19,h10v04,4240.0,3540.0,0.641,0.8216,211.0,2112.0,0.0,0b0000100001000000,0b00,VI produced with good quality,0b0000,Highest quality,0b01,Low,0b0,No,0b0,No,0b0,No,0b001,Land (Nothing else but land),0b0,No,0b0,No,0b00000000000000000000000000000000,0b00000000000000000000000000000000,"Good data, use with confidence"
,Ne2,41.16487,-96.4701,2012-07-27,h10v04,4240.0,3540.0,0.6638,0.8367,215.0,2112.0,0.0,0b0000100001000000,0b00,VI produced with good quality,0b0000,Highest quality,0b01,Low,0b0,No,0b0,No,0b0,No,0b001,Land (Nothing else but land),0b0,No,0b0,No,0b00000000000000000000000000000000,0b00000000000000000000000000000000,"Good data, use with confidence"
,Ne2,41.16487,-96.4701,2012-08-04,h10v04,4240.0,3540.0,0.5913,0.7937,218.0,2112.0,0.0,0b0000100001000000,0b00,VI produced with good quality,0b0000,Highest quality,0b01,Low,0b0,No,0b0,No,0b0,No,0b001,Land (Nothing else but land),0b0,No,0b0,No,0b00000000000000000000000000000000,0b00000000000000000000000000000000,"Good data, use with confidence"
,Ne2,41.16487,-96.4701,2012-08-12,h10v04,4240.0,3540.0,0.4527,0.7202,240.0,2181.0,1.0,0b0000100010000101,0b01,"VI produced, but check other QA",0b0001,Lower quality,0b10,Average,0b0,No,0b0,No,0b0,No,0b001,Land (Nothing else but land),0b0,No,0b0,No,0b00000000000000000000000000000001,0b00000000000000000000000000000001,"Marginal data, Useful, but look at other QA information"
,Ne2,41.16487,-96.4701,2012-08-20,h10v04,4240.0,3540.0,0.4081,0.6308,243.0,2112.0,0.0,0b0000100001000000,0b00,VI produced with good quality,0b0000,Highest quality,0b01,Low,0b0,No,0b0,No,0b0,No,0b001,Land (Nothing else but land),0b0,No,0b0,No,0b00000000000000000000000000000000,0b00000000000000000000000000000000,"Good data, use with confidence"
,Ne2,41.16487,-96.4701,2012-08-28,h10v04,4240.0,3540.0,0.2595,0.4797,249.0,2181.0,1.0,0b0000100010000101,0b01,"VI produced, but check other QA",0b0001,Lower quality,0b10,Average,0b0,No,0b0,No,0b0,No,0b001,Land (Nothing else but land),0b0,No,0b0,No,0b00000000000000000000000000000001,0b00000000000000000000000000000001,"Marginal data, Useful, but look at other QA information"
,Ne2,41.16487,-96.4701,2012-09-05,h10v04,4240.0,3540.0,0.1868,0.3727,259.0,2112.0,0.0,0b0000100001000000,0b00,VI produced with good quality,0b0000,Highest quality,0b01,Low,0b0,No,0b0,No,0b0,No,0b001,Land (Nothing else but land),0b0,No,0b0,No,0b00000000000000000000000000000000,0b00000000000000000000000000000000,"Good data, use with confidence"
,Ne2,41.16487,-96.4701,2012-09-13,h10v04,4240.0,3540.0,0.1327,0.3204,263.0,2112.0,0.0,0b0000100001000000,0b00,VI produced with good quality,0b0000,Highest quality,0b01,Low,0b0,No,0b0,No,0b0,No,0b001,Land (Nothing else but land),0b0,No,0b0,No,0b00000000000000000000000000000000,0b00000000000000000000000000000000,"Good data, use with confidence"
,Ne2,41.16487,-96.4701,2012-09-21,h10v04,4240.0,3540.0,0.1774,0.3355,266.0,2112.0,0.0,0b0000100001000000,0b00,VI produced with good quality,0b0000,Highest quality,0b01,Low,0b0,No,0b0,No,0b0,No,0b001,Land (Nothing else but land),0b0,No,0b0,No,0b00000000000000000000000000000000,0b00000000000000000000000000000000,"Good data, use with confidence"
,Ne2,41.16487,-96.4701,2012-09-29,h10v04,4240.0,3540.0,0.1883,0.3188,276.0,2116.0,0.0,0b0000100001000100,0b00,VI produced with good quality,0b0001,Lower quality,0b01,Low,0b0,No,0b0,No,0b0,No,0b001,Land (Nothing else but land),0b0,No,0b0,No,0b00000000000000000000000000000000,0b00000000000000000000000000000000,"Good data, use with confidence"
,Ne2,41.16487,-96.4701,2012-10-07,h10v04,4240.0,3540.0,0.1631,0.2643,295.0,2112.0,0.0,0b0000100001000000,0b00,VI produced with good quality,0b0000,Highest quality,0b01,Low,0b0,No,0b0,No,0b0,No,0b001,Land (Nothing else but land),0b0,No,0b0,No,0b00000000000000000000000000000000,0b00000000000000000000000000000000,"Good data, use with confidence"
,Ne2,41.16487,-96.4701,2012-10-15,h10v04,4240.0,3540.0,0.1613,0.2459,295.0,2112.0,0.0,0b0000100001000000,0b00,VI produced with good quality,0b0000,Highest quality,0b01,Low,0b0,No,0b0,No,0b0,No,0b001,Land (Nothing else but land),0b0,No,0b0,No,0b00000000000000000000000000000000,0b00000000000000000000000000000000,"Good data, use with confidence"
,Ne2,41.16487,-96.4701,2012-10-23,h10v04,4240.0,3540.0,0.1341,0.24,302.0,2112.0,0.0,0b0000100001000000,0b00,VI produced with good quality,0b0000,Highest quality,0b01,Low,0b0,No,0b0,No,0b0,No,0b001,Land (Nothing else but land),0b0,No,0b0,No,0b00000000000000000000000000000000,0b00000000000000000000000000000000,"Good data, use with confidence"
,Ne2,41.16487,-96.4701,2012-10-31,h10v04,4240.0,3540.0,0.1159,0.2561,320.0,2116.0,0.0,0b0000100001000100,0b00,VI produced with good quality,0b0001,Lower quality,0b01,Low,0b0,No,0b0,No,0b0,No,0b001,Land (Nothing else but land),0b0,No,0b0,No,0b00000000000000000000000000000000,0b00000000000000000000000000000000,"Good data, use with confidence"
,Ne2,41.16487,-96.4701,2012-11-08,h10v04,4240.0,3540.0,0.1107,0.2526,316.0,2116.0,0.0,0b0000100001000100,0b00,VI produced with good quality,0b0001,Lower quality,0b01,Low,0b0,No,0b0,No,0b0,No,0b001,Land (Nothing else but land),0b0,No,0b0,No,0b00000000000000000000000000000000,0b00000000000000000000000000000000,"Good data, use with confidence"
,Ne2,41.16487,-96.4701,2012-11-16,h10v04,4240.0,3540.0,0.1105,0.2419,327.0,2116.0,0.0,0b0000100001000100,0b00,VI produced with good quality,0b0001,Lower quality,0b01,Low,0b0,No,0b0,No,0b0,No,0b001,Land (Nothing else but land),0b0,No,0b0,No,0b00000000000000000000000000000000,0b00000000000000000000000000000000,"Good data, use with confidence"
,Ne2,41.16487,-96.4701,2012-11-24,h10v04,4240.0,3540.0,0.0995,0.2276,339.0,2116.0,0.0,0b0000100001000100,0b00,VI produced with good quality,0b0001,Lower quality,0b01,Low,0b0,No,0b0,No,0b0,No,0b001,Land (Nothing else but land),0b0,No,0b0,No,0b00000000000000000000000000000000,0b00000000000000000000000000000000,"Good data, use with confidence"
,Ne2,41.16487,-96.4701,2012-12-02,h10v04,4240.0,3540.0,0.1144,0.241,345.0,2116.0,0.0,0b0000100001000100,0b00,VI produced with good quality,0b0001,Lower quality,0b01,Low,0b0,No,0b0,No,0b0,No,0b001,Land (Nothing else but land),0b0,No,0b0,No,0b00000000000000000000000000000000,0b00000000000000000000000000000000,"Good data, use with confidence"
,Ne2,41.16487,-96.4701,2012-12-10,h10v04,4240.0,3540.0,0.1112,0.2374,346.0,2116.0,0.0,0b0000100001000100,0b00,VI produced with good quality,0b0001,Lower quality,0b01,Low,0b0,No,0b0,No,0b0,No,0b001,Land (Nothing else but land),0b0,No,0b0,No,0b00000000000000000000000000000000,0b00000000000000000000000000000000,"Good data, use with confidence"
,Ne2,41.16487,-96.4701,2012-12-18,h10v04,4240.0,3540.0,0.0956,0.2369,353.0,2265.0,1.0,0b0000100011011001,0b01,"VI produced, but check other QA",0b0110,Decreasing quality,0b11,High,0b0,No,0b0,No,0b0,No,0b001,Land (Nothing else but land),0b0,No,0b0,No,0b00000000000000000000000000000001,0b00000000000000000000000000000001,"Marginal data, Useful, but look at other QA information"
,Ne2,41.16487,-96.4701,2012-12-26,h10v04,4240.0,3540.0,-0.0295,-0.0276,364.0,18453.0,2.0,0b0100100000010101,0b01,"VI produced, but check other QA",0b0101,Decreasing quality,0b00,Climatology,0b0,No,0b0,No,0b0,No,0b001,Land (Nothing else but land),0b1,Yes,0b0,No,0b00000000000000000000000000000010,0b00000000000000000000000000000010,Snow/Ice Target covered with snow/ice
,Ne2,41.16487,-96.4701,2013-01-01,h10v04,4240.0,3540.0,-0.0396,-0.0257,1.0,18453.0,2.0,0b0100100000010101,0b01,"VI produced, but check other QA",0b0101,Decreasing quality,0b00,Climatology,0b0,No,0b0,No,0b0,No,0b001,Land (Nothing else but land),0b1,Yes,0b0,No,0b00000000000000000000000000000010,0b00000000000000000000000000000010,Snow/Ice Target covered with snow/ice
